brand,processor_brand,processor_name,processor_gnrtn,ram_gb,ram_type,ssd,hdd,os,os_bit,graphic_card_gb,weight,warranty,Touchscreen,msoffice,Price,rating,Number of Ratings,Number of Reviews
ASUS,Intel,Core i3,10.0,4,DDR4,0,1024,Windows,64,0,Casual,0,No,No,34649,2,3,0
Lenovo,Intel,Core i3,10.0,4,DDR4,0,1024,Windows,64,0,Casual,0,No,No,38999,3,65,5
Lenovo,Intel,Core i3,10.0,4,DDR4,0,1024,Windows,64,0,Casual,0,No,No,39999,3,8,1
ASUS,Intel,Core i5,10.0,8,DDR4,512,0,Windows,32,2,Casual,0,No,No,69990,3,0,0
ASUS,Intel,Celeron Dual,,4,DDR4,0,512,Windows,64,0,Casual,0,No,No,26990,3,0,0
ASUS,Intel,Celeron Dual,,4,DDR4,0,512,Windows,64,0,Casual,0,No,No,22990,3,0,0
ASUS,Intel,Celeron Dual,,4,DDR4,0,512,Windows,32,0,Casual,0,No,No,21990,3,31,3
ASUS,Intel,Core i5,10.0,8,DDR4,0,1024,Windows,32,2,Casual,0,No,No,58799,3,0,0
Lenovo,Intel,Core i5,10.0,4,DDR4,0,1024,Windows,32,0,Casual,0,No,No,49999,3,0,0
acer,AMD,Ryzen 5,10.0,4,DDR4,0,512,Windows,32,4,Casual,0,No,No,59990,4,1946,240
acer,AMD,Ryzen 5,10.0,4,DDR4,0,512,Windows,32,6,Casual,0,No,No,93700,4,259,47
acer,AMD,Ryzen 5,10.0,4,DDR4,0,512,Windows,32,4,Casual,0,No,No,72990,4,425,67
Avita,Intel,Celeron Dual,,4,DDR4,0,512,Windows,64,0,Casual,0,No,No,17490,3,1120,196
ASUS,Intel,Celeron Dual,,4,DDR4,0,512,Windows,64,0,Casual,0,No,No,22990,3,0,0
ASUS,Intel,Core i3,11.0,4,DDR4,256,0,Windows,64,0,Casual,0,No,No,35990,3,0,0
HP,Intel,Core i3,11.0,8,DDR4,256,0,Windows,64,0,Casual,1,Yes,No,56490,3,0,0
HP,Intel,Core i5,11.0,8,DDR4,256,0,Windows,64,0,Casual,1,No,No,65390,3,0,0
Lenovo,Intel,Celeron Dual,,4,DDR4,256,0,Windows,64,0,ThinNlight,0,No,No,31999,4,286,19
HP,Intel,Celeron Dual,,8,DDR4,256,0,Windows,64,0,ThinNlight,0,No,No,32490,4,58,6
Lenovo,Intel,Celeron Dual,,4,DDR4,256,0,Windows,64,0,ThinNlight,0,No,No,31799,3,0,0
ASUS,Intel,Celeron Dual,,4,DDR4,256,0,Windows,64,0,Casual,0,No,No,29890,4,7,0
ASUS,Intel,Celeron Dual,,4,DDR4,0,1024,Windows,64,0,Casual,1,No,No,23990,3,15279,1947
HP,Intel,Core i3,7.0,4,DDR4,0,1024,Windows,64,0,Casual,0,No,No,32955,4,311,27
HP,Intel,Core i5,7.0,4,DDR4,0,1024,Windows,32,2,Casual,0,No,No,46200,4,47,7
ASUS,Intel,Core i3,11.0,4,DDR4,256,0,Windows,64,0,ThinNlight,0,No,No,34429,4,37,6
Lenovo,Intel,Core i3,10.0,8,DDR4,256,0,Windows,32,0,ThinNlight,2,No,Yes,37990,4,2080,235
ASUS,Intel,Core i3,11.0,4,DDR4,256,0,Windows,32,0,Casual,1,No,Yes,35990,4,1479,181
ASUS,Intel,Core i3,10.0,8,DDR4,256,0,Windows,64,0,ThinNlight,0,No,No,33980,4,67,3
HP,Intel,Core i3,11.0,8,DDR4,256,0,Windows,64,0,ThinNlight,1,No,Yes,39990,4,273,30
DELL,Intel,Core i3,10.0,8,DDR4,256,0,Windows,64,0,ThinNlight,1,No,Yes,39490,4,1267,171
HP,Intel,Core i3,11.0,8,DDR4,256,0,Windows,64,0,Casual,1,Yes,Yes,53990,4,14,0
acer,Intel,Core i3,11.0,8,DDR4,256,0,Windows,64,0,ThinNlight,1,No,No,38990,3,0,0
ASUS,Intel,Core i3,11.0,8,DDR4,256,0,Windows,64,0,ThinNlight,1,No,No,37990,4,284,39
ASUS,Intel,Core i3,11.0,8,DDR4,256,0,Windows,64,0,Casual,1,No,Yes,37890,4,44,5
Lenovo,Intel,Core i3,11.0,8,DDR4,256,0,Windows,64,0,ThinNlight,1,No,No,38990,4,33,4
Lenovo,Intel,Core i3,10.0,8,DDR4,256,0,Windows,64,0,ThinNlight,0,No,No,37990,4,286,36
DELL,Intel,Core i3,11.0,8,DDR4,256,0,Windows,64,0,ThinNlight,1,No,Yes,41990,3,10,5
ASUS,Intel,Core i3,11.0,8,DDR4,256,0,Windows,64,0,Casual,1,No,No,45990,4,816,147
Lenovo,Intel,Core i3,11.0,8,DDR4,256,0,Windows,64,0,ThinNlight,1,No,No,39990,4,543,65
DELL,Intel,Core i3,11.0,8,DDR4,256,0,Windows,64,0,ThinNlight,0,No,No,42490,4,9,1
DELL,Intel,Core i3,10.0,4,DDR4,256,0,Windows,64,0,ThinNlight,1,No,Yes,36990,4,1178,137
Lenovo,Intel,Core i3,11.0,8,DDR4,256,0,Windows,64,0,Casual,1,Yes,Yes,53990,4,299,41
ASUS,Intel,Core i3,11.0,8,DDR4,256,0,Windows,64,0,ThinNlight,0,No,No,36990,4,20,1
Lenovo,Intel,Core i3,10.0,4,DDR4,256,0,Windows,64,0,Casual,2,No,No,38940,4,758,64
DELL,Intel,Core i3,10.0,4,DDR4,256,0,Windows,64,0,Casual,1,No,Yes,39490,4,634,64
ASUS,Intel,Core i3,11.0,8,DDR4,256,0,Windows,64,0,Casual,1,No,No,45990,4,816,147
Lenovo,Intel,Core i3,10.0,8,DDR4,256,0,Windows,64,0,Casual,2,No,Yes,39999,5,4,0
DELL,Intel,Core i3,11.0,8,DDR4,256,0,Windows,64,0,ThinNlight,1,No,No,42990,4,17,2
DELL,Intel,Core i3,11.0,8,DDR4,256,0,Windows,64,0,Casual,1,Yes,No,49990,4,24,5
DELL,Intel,Core i3,11.0,8,DDR4,256,0,Windows,64,0,ThinNlight,1,No,Yes,41490,4,1753,165
DELL,Intel,Core i3,11.0,8,DDR4,256,0,Windows,64,0,ThinNlight,0,No,No,41990,4,216,21
Lenovo,Intel,Core i3,11.0,8,DDR4,256,0,Windows,64,0,ThinNlight,1,No,Yes,41990,4,1084,160
ASUS,Intel,Core i3,11.0,8,DDR4,256,0,Windows,64,0,Casual,1,No,No,38490,3,19,3
Lenovo,Intel,Core i3,11.0,4,DDR4,256,0,Windows,64,0,ThinNlight,1,No,Yes,38990,4,106,13
Lenovo,Intel,Core i3,11.0,4,DDR4,256,0,Windows,64,0,Casual,1,No,Yes,44990,4,42,4
Lenovo,Intel,Core i3,10.0,4,DDR4,256,0,Windows,64,0,ThinNlight,0,No,No,36490,3,0,0
Lenovo,Intel,Core i3,10.0,8,DDR4,256,0,Windows,32,0,Casual,0,No,No,38970,3,0,0
HP,Intel,Core i3,11.0,4,DDR4,256,0,Windows,64,0,ThinNlight,1,No,Yes,44900,4,1029,107
MSI,Intel,Core i3,10.0,4,DDR4,256,0,Windows,64,0,ThinNlight,0,No,No,38990,4,53,11
DELL,Intel,Core i3,11.0,4,DDR4,256,0,Windows,64,0,ThinNlight,0,No,No,44427,3,0,0
ASUS,Intel,Core i3,10.0,4,DDR4,256,0,Windows,64,0,Casual,1,No,No,35990,3,0,0
Lenovo,Intel,Core i3,10.0,4,DDR4,256,0,Windows,64,0,Casual,1,No,Yes,40200,3,48,1
Lenovo,Intel,Core i3,10.0,4,DDR4,256,0,Windows,32,0,Casual,0,No,No,40990,3,3,0
DELL,Intel,Core i3,10.0,4,DDR4,256,0,Windows,64,0,ThinNlight,1,No,No,42490,3,0,0
acer,Intel,Celeron Dual,,4,DDR4,0,512,Windows,32,0,Casual,0,No,No,23990,3,61,4
DELL,Intel,Core i3,11.0,4,DDR4,256,0,Windows,64,0,Casual,0,Yes,No,71999,4,97,13
ASUS,Intel,Core i3,11.0,4,DDR4,256,0,Windows,64,0,Casual,1,No,No,39990,4,181,19
Lenovo,Intel,Core i3,10.0,4,DDR4,256,0,Windows,64,0,Casual,1,No,Yes,41998,4,529,39
ASUS,Intel,Core i3,11.0,4,DDR4,256,0,Windows,32,0,Casual,0,No,No,41990,3,0,0
Lenovo,Intel,Core i3,10.0,4,DDR4,256,0,Windows,64,0,Casual,2,No,Yes,39999,3,0,0
ASUS,Intel,Core i3,10.0,4,DDR4,256,0,Windows,32,0,Casual,0,No,No,39990,3,0,0
Lenovo,Intel,Core i3,11.0,4,DDR4,256,0,Windows,64,0,Casual,0,No,No,39998,4,10,1
HP,Intel,Core i3,11.0,4,DDR4,256,0,Windows,64,0,ThinNlight,1,No,Yes,42490,4,5205,561
Lenovo,Intel,Core i3,10.0,4,DDR4,256,0,Windows,32,0,Casual,0,No,No,41990,3,3,0
ASUS,Intel,Core i3,11.0,4,DDR4,256,0,Windows,32,0,Casual,0,No,No,48490,3,0,0
HP,Intel,Core i3,11.0,4,DDR4,256,0,Windows,64,0,ThinNlight,1,No,Yes,44376,4,1090,96
DELL,Intel,Core i3,11.0,4,DDR4,256,0,Windows,32,0,Casual,0,No,No,43900,3,0,0
DELL,Intel,Core i3,11.0,4,DDR4,256,0,Windows,64,0,Casual,1,No,No,46690,3,0,0
Lenovo,Intel,Core i3,10.0,4,DDR4,256,0,Windows,32,0,Casual,0,No,No,40990,5,1,1
DELL,Intel,Core i3,10.0,4,DDR4,256,0,Windows,64,0,ThinNlight,1,No,No,39990,4,44,2
Lenovo,Intel,Core i3,11.0,4,DDR4,256,0,Windows,64,0,ThinNlight,0,No,No,43990,3,0,0
ASUS,Intel,Core i3,11.0,4,DDR4,256,0,Windows,64,0,ThinNlight,1,No,No,36990,4,70,9
DELL,Intel,Core i3,11.0,8,DDR4,256,0,Windows,64,0,Casual,1,No,No,48500,3,0,0
ASUS,Intel,Core i3,11.0,8,DDR4,256,0,Windows,64,0,Casual,0,No,No,48990,3,0,0
ASUS,Intel,Celeron Dual,,4,LPDDR4,0,512,Windows,32,0,Casual,0,No,No,23490,4,632,92
HP,Intel,Core i3,8.0,4,DDR4,256,0,Windows,64,0,Casual,1,Yes,Yes,54238,4,71,8
ASUS,Intel,Core i3,10.0,8,DDR4,512,0,Windows,64,0,Casual,1,No,No,37990,4,990,108
HP,Intel,Core i3,11.0,8,DDR4,512,0,Windows,64,0,ThinNlight,1,No,Yes,42990,4,158,18
HP,Intel,Core i3,11.0,8,DDR4,512,0,Windows,64,0,ThinNlight,1,No,Yes,42990,4,681,59
ASUS,Intel,Core i3,10.0,4,DDR4,512,0,Windows,64,0,Casual,1,No,No,35990,4,130,12
ASUS,Intel,Core i3,11.0,8,DDR4,512,0,Windows,64,0,Casual,1,No,No,42990,4,30,4
ASUS,Intel,Core i3,11.0,8,LPDDR4X,512,0,Windows,32,0,Casual,1,Yes,Yes,51990,4,6,2
ASUS,Intel,Core i3,11.0,8,DDR4,512,0,Windows,64,0,Casual,1,No,No,48990,4,174,30
ASUS,Intel,Core i3,11.0,8,DDR4,512,0,Windows,64,0,Casual,1,No,No,42990,4,40,7
Lenovo,Intel,Core i3,10.0,8,DDR4,512,0,Windows,64,0,ThinNlight,1,No,No,38990,3,13,1
DELL,Intel,Core i3,11.0,8,DDR4,512,0,Windows,64,0,ThinNlight,0,No,No,45990,4,184,29
HP,Intel,Core i3,10.0,8,DDR4,512,0,Windows,64,0,ThinNlight,1,No,Yes,42490,4,1296,126
HP,Intel,Core i3,11.0,8,DDR4,512,0,Windows,64,0,ThinNlight,1,No,Yes,43970,4,571,56
ASUS,Intel,Core i3,10.0,4,DDR4,512,0,Windows,64,0,ThinNlight,1,No,Yes,39990,4,2551,297
MSI,Intel,Core i3,11.0,8,DDR4,512,0,Windows,64,0,ThinNlight,0,No,No,48990,4,17,3
HP,Intel,Core i3,11.0,8,DDR4,512,0,Windows,64,0,Casual,1,No,Yes,54990,4,35,3
MSI,Intel,Core i3,10.0,8,DDR4,512,0,Windows,64,0,ThinNlight,0,No,No,40990,4,118,17
ASUS,Intel,Core i3,11.0,8,DDR4,512,0,Windows,64,0,ThinNlight,1,No,Yes,41990,3,0,0
Lenovo,Intel,Core i3,11.0,8,DDR4,512,0,Windows,64,0,ThinNlight,1,Yes,No,54990,4,245,34
ASUS,Intel,Core i3,11.0,8,DDR4,512,0,Windows,64,0,Casual,1,No,Yes,44990,4,2058,305
HP,Intel,Core i3,11.0,8,DDR4,512,0,Windows,64,0,Casual,1,No,No,41250,4,117,11
HP,Intel,Core i3,11.0,8,DDR4,512,0,Windows,64,0,ThinNlight,0,No,No,44990,3,0,0
ASUS,Intel,Core i3,11.0,8,DDR4,512,0,Windows,64,0,Casual,1,No,No,42990,4,74,11
DELL,Intel,Core i3,11.0,8,DDR4,512,0,Windows,64,0,Casual,1,Yes,No,60790,4,10,1
HP,Intel,Core i3,11.0,8,DDR4,512,0,Windows,64,0,Casual,0,No,No,45650,4,39,4
DELL,Intel,Core i3,10.0,8,DDR4,512,0,Windows,64,0,ThinNlight,1,No,Yes,41990,3,29,7
DELL,Intel,Core i3,10.0,8,DDR4,512,0,Windows,64,0,ThinNlight,1,No,No,45490,4,43,4
ASUS,Intel,Core i3,11.0,8,DDR4,512,0,Windows,64,0,ThinNlight,1,No,Yes,44990,3,0,0
Lenovo,Intel,Core i3,11.0,8,DDR4,512,0,Windows,64,0,ThinNlight,2,No,Yes,42990,4,984,99
HP,Intel,Core i3,11.0,4,DDR4,512,0,Windows,64,0,ThinNlight,1,No,Yes,45490,4,523,66
HP,Intel,Core i3,10.0,4,DDR4,512,0,Windows,32,0,Casual,0,No,No,38799,4,30,1
HP,Intel,Core i3,11.0,4,DDR4,512,0,Windows,64,0,Casual,1,Yes,Yes,69267,3,0,0
ASUS,Intel,Core i3,11.0,4,DDR4,512,0,Windows,64,0,Casual,1,No,Yes,51649,3,0,0
HP,Intel,Core i3,11.0,4,DDR4,512,0,Windows,64,0,ThinNlight,1,No,Yes,47990,4,1605,215
ASUS,Intel,Core i3,10.0,4,DDR4,512,0,Windows,64,0,Casual,1,No,No,40990,4,4008,519
ASUS,Intel,Core i3,10.0,4,DDR4,512,0,Windows,64,0,ThinNlight,1,No,Yes,42990,4,1869,234
ASUS,Intel,Core i3,11.0,4,DDR4,512,0,Windows,64,0,Casual,1,No,No,44890,3,7,0
ASUS,Intel,Core i3,10.0,4,DDR4,512,0,Windows,64,0,Casual,1,No,No,41490,4,4008,519
HP,Intel,Core i3,11.0,4,DDR4,512,0,Windows,32,0,ThinNlight,1,No,No,50990,3,0,0
HP,Intel,Core i3,11.0,4,DDR4,512,0,Windows,64,0,ThinNlight,1,No,Yes,48900,4,1278,135
ASUS,Intel,Core i3,10.0,4,DDR4,512,0,Windows,64,0,Casual,1,No,No,40990,4,4008,519
DELL,Intel,Core i3,10.0,4,DDR4,512,0,Windows,64,0,Casual,0,No,No,41790,3,0,0
Lenovo,Intel,Core i3,11.0,4,DDR4,512,0,Windows,64,0,Casual,1,Yes,Yes,57999,3,10,2
DELL,Intel,Core i3,11.0,8,DDR4,512,0,Windows,64,0,ThinNlight,0,No,No,45930,3,0,0
HP,Intel,Core i3,11.0,8,DDR4,512,0,Windows,64,0,Casual,1,Yes,Yes,55490,4,143,15
ASUS,Intel,Core i3,10.0,8,DDR4,0,1024,Windows,64,0,Casual,1,No,No,32890,3,28,4
Lenovo,Intel,Core i3,10.0,8,DDR4,0,1024,Windows,64,0,ThinNlight,1,No,Yes,35990,4,2124,233
DELL,Intel,Core i3,11.0,8,DDR4,0,1024,Windows,64,0,ThinNlight,0,No,No,42490,4,276,40
DELL,Intel,Core i3,11.0,8,DDR4,0,1024,Windows,64,0,ThinNlight,0,No,No,42190,3,250,21
DELL,Intel,Core i3,10.0,8,DDR4,0,1024,Windows,64,0,ThinNlight,1,No,Yes,39490,4,1917,189
HP,Intel,Core i3,11.0,8,DDR4,0,1024,Windows,64,0,ThinNlight,1,No,Yes,43690,4,4999,490
ASUS,Intel,Core i3,10.0,4,DDR4,0,1024,Windows,64,0,Casual,1,No,No,35990,3,17,0
DELL,Intel,Core i3,11.0,8,DDR4,0,1024,Windows,32,0,Casual,0,No,No,43800,4,17,0
Lenovo,Intel,Core i3,10.0,8,DDR4,0,1024,Windows,32,0,Casual,0,No,No,38990,3,0,0
ASUS,Intel,Core i3,10.0,4,DDR4,0,1024,Windows,64,0,ThinNlight,1,No,No,34990,3,4203,490
ASUS,Intel,Core i3,11.0,8,DDR4,0,1024,Windows,64,0,Casual,1,No,No,38900,3,13,0
DELL,Intel,Core i3,10.0,4,DDR4,0,1024,Windows,64,0,ThinNlight,1,No,No,39990,3,15,1
DELL,Intel,Core i3,10.0,4,DDR4,0,1024,Windows,32,0,Casual,0,No,No,40890,4,527,46
Lenovo,Intel,Core i3,10.0,4,DDR4,0,1024,Windows,64,0,ThinNlight,1,No,No,36990,3,103,10
HP,Intel,Core i3,11.0,4,DDR4,0,1024,Windows,64,0,ThinNlight,1,No,Yes,39990,3,324,45
HP,Intel,Core i3,11.0,4,DDR4,0,1024,Windows,64,0,ThinNlight,1,No,Yes,41990,4,69,5
DELL,Intel,Core i3,11.0,4,DDR4,0,1024,Windows,32,0,Casual,0,No,No,43970,3,16,0
HP,Intel,Core i3,11.0,4,DDR4,0,1024,Windows,64,0,ThinNlight,1,No,No,39790,3,40,3
ASUS,Intel,Core i3,10.0,4,DDR4,0,1024,Windows,32,0,ThinNlight,0,No,No,35590,3,12,1
HP,Intel,Core i3,10.0,4,DDR4,0,1024,Windows,64,0,ThinNlight,1,No,Yes,36490,3,1146,175
ASUS,Intel,Core i3,10.0,4,DDR4,0,1024,Windows,64,0,ThinNlight,1,No,Yes,38990,4,1850,216
ASUS,Intel,Core i3,10.0,4,DDR4,0,1024,Windows,32,0,ThinNlight,0,No,No,33990,3,43,7
DELL,Intel,Core i3,10.0,4,DDR4,0,1024,Windows,64,0,Casual,1,No,Yes,43400,4,231,26
ASUS,Intel,Celeron Dual,,4,LPDDR4,0,512,Windows,32,0,Casual,0,No,No,24990,4,502,93
HP,Intel,Core i3,10.0,4,DDR4,0,1024,Windows,64,0,ThinNlight,1,No,Yes,40750,4,1096,116
DELL,Intel,Core i3,10.0,4,DDR4,0,1024,Windows,64,0,ThinNlight,1,No,Yes,43000,4,313,35
ASUS,Intel,Core i3,10.0,4,DDR4,0,1024,Windows,64,0,Casual,0,No,No,38000,4,7,0
DELL,Intel,Core i3,11.0,8,DDR4,0,1024,Windows,64,0,ThinNlight,1,No,Yes,37990,3,265,46
HP,Intel,Core i3,7.0,8,DDR4,0,1024,Windows,64,2,Casual,0,No,No,49279,4,38,3
Lenovo,Intel,Core i3,10.0,8,DDR4,0,1024,Windows,32,0,Casual,0,No,No,38999,3,7,2
ASUS,Intel,Core i3,11.0,8,DDR4,0,1024,Windows,32,0,Casual,0,No,No,41500,3,4,0
acer,Intel,Core i3,11.0,4,DDR4,0,1024,Windows,32,0,Casual,0,No,No,36999,3,0,0
DELL,Intel,Core i3,11.0,8,DDR4,0,1024,Windows,32,0,Casual,0,No,No,42900,3,0,0
ASUS,Intel,Celeron Dual,,4,LPDDR4,0,512,Windows,32,0,Casual,0,No,No,21490,3,818,113
DELL,Intel,Core i3,11.0,8,DDR4,0,1024,Windows,32,0,Casual,0,No,No,41480,3,25,4
ASUS,Intel,Core i3,10.0,8,DDR4,0,1024,Windows,64,0,Casual,0,No,No,32990,2,12,0
ASUS,Intel,Core i3,11.0,8,DDR4,0,1024,Windows,64,0,Casual,1,No,No,38680,3,17,1
ASUS,Intel,Celeron Dual,,4,LPDDR4,0,512,Windows,32,0,Casual,0,No,No,23990,4,974,170
DELL,Intel,Core i3,10.0,8,DDR4,0,1024,Windows,64,0,ThinNlight,0,No,No,40390,3,83,15
ASUS,Intel,Core i3,10.0,4,DDR4,0,1024,Windows,64,0,ThinNlight,0,No,No,33990,3,31,6
ASUS,Intel,Celeron Dual,,4,LPDDR4,0,512,Windows,32,0,Casual,0,No,No,20490,3,637,91
DELL,Intel,Core i3,10.0,8,DDR4,256,1024,Windows,64,0,ThinNlight,1,No,Yes,41490,5,7,5
DELL,Intel,Core i3,11.0,8,DDR4,256,1024,Windows,64,0,Casual,0,No,No,45490,4,207,16
DELL,Intel,Core i3,11.0,8,DDR4,256,1024,Windows,64,0,Casual,0,No,No,44490,4,844,103
ASUS,Intel,Core i3,11.0,8,DDR4,256,1024,Windows,64,0,Casual,1,No,Yes,41890,4,53,6
DELL,Intel,Core i3,11.0,4,DDR4,256,1024,Windows,64,0,ThinNlight,1,No,Yes,42990,4,62,7
acer,Intel,Core i3,11.0,8,DDR4,256,1024,Windows,64,0,Casual,0,No,No,40990,4,38,2
DELL,Intel,Core i3,11.0,8,DDR4,256,1024,Windows,64,0,ThinNlight,1,No,No,48990,4,724,92
DELL,Intel,Core i3,11.0,4,DDR4,256,1024,Windows,64,0,ThinNlight,1,No,Yes,43590,3,0,0
DELL,Intel,Core i3,10.0,4,DDR4,256,1024,Windows,64,0,Casual,1,No,No,44690,4,9,0
ASUS,Intel,Core i3,10.0,4,DDR4,256,1024,Windows,64,0,Casual,0,No,No,40990,3,0,0
DELL,Intel,Core i3,11.0,4,DDR4,256,1024,Windows,64,0,ThinNlight,1,No,Yes,43990,3,0,0
DELL,Intel,Core i3,11.0,4,DDR4,256,1024,Windows,64,0,ThinNlight,1,No,Yes,43590,3,0,0
DELL,Intel,Core i3,10.0,4,DDR4,256,1024,Windows,64,0,ThinNlight,1,No,Yes,41390,4,56,7
DELL,Intel,Core i3,10.0,4,DDR4,256,1024,Windows,64,0,ThinNlight,1,No,Yes,44290,3,0,0
DELL,Intel,Core i3,11.0,4,DDR4,256,1024,Windows,64,0,Casual,1,No,No,48999,3,0,0
DELL,Intel,Core i3,11.0,4,DDR4,256,1024,Windows,64,0,ThinNlight,1,No,Yes,39990,3,170,11
DELL,Intel,Core i3,10.0,8,DDR4,256,1024,Windows,64,0,ThinNlight,0,No,No,46390,2,95,5
ASUS,Intel,Celeron Dual,,4,LPDDR4,0,512,Windows,64,0,Casual,0,No,No,18990,3,197,25
ASUS,Intel,Celeron Dual,,4,LPDDR4,0,512,Windows,32,0,Casual,0,No,No,17990,3,1180,148
HP,Intel,Celeron Dual,,4,DDR4,0,512,Windows,64,0,Casual,0,No,No,26470,3,232,23
HP,Intel,Celeron Dual,,4,DDR4,0,512,Windows,64,0,Casual,0,No,No,27990,3,596,65
Lenovo,Intel,Celeron Dual,,4,DDR4,0,1024,Windows,32,0,Casual,0,No,No,29999,3,19,1
Lenovo,Intel,Celeron Dual,,4,LPDDR4X,0,512,Windows,64,0,Casual,0,No,No,25990,3,84,16
Lenovo,Intel,Celeron Dual,,4,LPDDR4,0,512,Windows,32,0,Casual,0,No,No,16990,3,414,54
Lenovo,Intel,Celeron Dual,,4,LPDDR4,0,512,Windows,32,0,Casual,0,No,No,24990,2,70,16
acer,Intel,Core i5,,8,DDR5,0,512,Windows,32,4,Casual,0,No,No,50990,4,10966,1185
acer,Intel,Core i5,,8,LPDDR4,0,512,Windows,32,0,Casual,1,No,No,119990,4,1,1
acer,Intel,Core i5,10.0,8,LPDDR4,0,512,DOS,32,0,Casual,0,No,No,94190,4,31,6
ASUS,Intel,Core i5,10.0,8,LPDDR4,0,512,DOS,32,4,Casual,0,No,No,106167,4,1881,241
DELL,Intel,Core i5,10.0,8,LPDDR4,0,512,DOS,32,4,Casual,1,No,No,68090,1,23,4
DELL,Intel,Core i5,10.0,8,LPDDR4,0,512,DOS,32,0,ThinNlight,1,No,No,139990,3,0,0
HP,Intel,Core i5,10.0,8,LPDDR4,0,512,DOS,32,0,ThinNlight,0,No,No,55990,4,818,109
HP,Intel,Core i5,10.0,8,LPDDR4,0,512,DOS,32,4,Casual,0,No,No,102551,3,0,0
Lenovo,Intel,Core i5,10.0,8,LPDDR4,0,512,DOS,32,2,Casual,0,No,No,46990,4,4428,569
HP,Intel,Core i5,8.0,8,DDR4,128,0,Windows,64,0,ThinNlight,1,No,No,76012,4,129,16
Lenovo,Intel,Core i5,11.0,8,DDR4,256,0,Windows,64,0,Casual,2,No,Yes,49490,4,365,35
acer,Intel,Core i5,7.0,8,DDR3,256,0,Windows,64,0,ThinNlight,1,No,Yes,86867,4,39,3
ASUS,Intel,Core i5,11.0,8,DDR4,256,0,Windows,64,0,ThinNlight,1,No,No,48990,3,0,0
DELL,Intel,Core i5,11.0,8,DDR4,256,0,Windows,64,0,ThinNlight,0,No,No,55990,3,3,0
acer,Intel,Core i5,8.0,8,DDR3,256,0,Windows,64,0,ThinNlight,1,Yes,Yes,81998,4,14,3
HP,Intel,Core i5,8.0,8,DDR4,256,0,Windows,64,0,Casual,1,Yes,Yes,136590,3,0,0
acer,Intel,Core i5,8.0,8,DDR4,256,0,Windows,64,0,ThinNlight,1,No,No,59490,3,33,7
ASUS,Intel,Core i5,11.0,8,DDR4,256,0,Windows,64,0,ThinNlight,1,No,No,49800,3,0,0
Lenovo,Intel,Core i5,11.0,8,DDR4,256,0,Windows,64,0,Casual,1,No,Yes,61999,2,4,0
HP,Intel,Core i5,11.0,8,DDR4,512,0,Windows,64,0,ThinNlight,0,No,No,54990,4,116,15
HP,Intel,Core i5,11.0,8,DDR4,512,0,Windows,64,0,ThinNlight,1,No,No,53990,4,206,17
Lenovo,Intel,Core i5,11.0,8,DDR4,512,0,Windows,64,0,Casual,2,No,Yes,52990,4,300,24
HP,Intel,Core i5,11.0,16,DDR4,512,0,Windows,64,0,ThinNlight,1,No,Yes,67990,4,108,6
ASUS,Intel,Core i5,10.0,8,DDR4,512,0,Windows,64,4,Gaming,1,No,No,57990,4,3712,412
Lenovo,Intel,Core i5,11.0,16,DDR4,512,0,Windows,64,0,ThinNlight,1,No,Yes,62300,4,825,95
Lenovo,Intel,Core i5,11.0,8,DDR4,512,0,Windows,64,0,ThinNlight,1,No,No,52990,3,0,0
Lenovo,Intel,Core i5,11.0,8,DDR4,512,0,Windows,64,0,ThinNlight,2,No,Yes,51990,4,85,4
Lenovo,Intel,Core i5,11.0,16,DDR4,512,0,Windows,64,0,ThinNlight,0,No,No,61990,4,56,7
ASUS,Intel,Core i5,11.0,8,LPDDR4X,512,0,Windows,32,0,Casual,1,Yes,Yes,63990,4,10,1
Lenovo,Intel,Core i5,11.0,8,DDR4,512,0,Windows,64,0,Casual,1,No,Yes,65990,4,17,4
acer,Intel,Core i5,11.0,8,DDR4,512,0,Windows,64,0,ThinNlight,1,No,No,52990,4,155,20
Lenovo,Intel,Core i5,10.0,8,DDR4,512,0,Windows,64,0,ThinNlight,1,No,No,49990,3,0,0
ASUS,Intel,Core i5,11.0,8,DDR4,512,0,Windows,64,4,Gaming,0,No,No,71990,4,91,17
ASUS,Intel,Core i5,10.0,8,DDR4,512,0,Windows,64,0,Casual,1,No,No,47990,4,35,2
Lenovo,Intel,Core i5,10.0,8,DDR4,512,0,Windows,32,0,ThinNlight,2,No,Yes,48490,4,126,13
ASUS,Intel,Core i5,11.0,8,DDR4,512,0,Windows,64,4,Gaming,0,No,No,72990,4,74,10
MSI,Intel,Core i5,11.0,16,DDR4,512,0,Windows,64,4,Casual,2,No,No,76990,4,75,17
ASUS,Intel,Core i5,11.0,16,DDR4,512,0,Windows,64,6,Gaming,1,No,Yes,89990,4,124,17
MSI,Intel,Core i5,10.0,8,DDR4,512,0,Windows,64,4,Casual,2,No,No,59990,4,1597,228
ASUS,Intel,Core i5,10.0,8,DDR4,512,0,Windows,64,4,Gaming,1,No,Yes,65990,4,3850,378
DELL,Intel,Core i5,11.0,8,DDR4,512,0,Windows,64,0,Casual,0,Yes,No,71990,4,7,1
DELL,Intel,Core i5,11.0,8,DDR4,512,0,Windows,64,0,Casual,0,Yes,No,71890,4,3,0
Lenovo,Intel,Core i5,11.0,16,DDR4,512,0,Windows,64,0,ThinNlight,0,No,No,64990,3,0,0
ASUS,Intel,Core i5,11.0,16,DDR4,512,0,Windows,64,0,Casual,1,No,No,65990,3,0,0
HP,Intel,Core i5,11.0,8,DDR4,512,0,Windows,64,0,ThinNlight,0,No,No,55999,4,5,1
ASUS,Intel,Core i5,11.0,16,DDR4,512,0,Windows,64,4,Casual,1,No,No,73490,4,213,45
HP,Intel,Core i5,11.0,16,DDR4,512,0,Windows,64,0,ThinNlight,1,No,Yes,74490,4,10,0
HP,Intel,Core i5,11.0,8,DDR4,512,0,Windows,64,0,ThinNlight,1,No,Yes,58340,4,69,6
acer,Intel,Core i5,11.0,8,DDR4,512,0,Windows,64,0,ThinNlight,1,No,No,55999,4,6,0
DELL,Intel,Core i5,11.0,16,DDR4,512,0,Windows,64,0,ThinNlight,0,No,No,67990,4,93,9
ASUS,Intel,Core i5,11.0,16,DDR4,512,0,Windows,64,0,Casual,1,No,No,59990,4,11,2
ASUS,Intel,Core i5,11.0,16,DDR4,512,0,Windows,64,6,Casual,1,No,Yes,82990,4,262,31
DELL,Intel,Core i5,11.0,8,DDR4,512,0,Windows,64,2,Casual,1,No,Yes,64190,3,0,0
DELL,Intel,Core i5,11.0,16,DDR4,512,0,Windows,64,0,ThinNlight,0,No,No,70090,4,5,1
ASUS,Intel,Core i5,10.0,8,DDR4,512,0,Windows,64,2,ThinNlight,1,No,No,49990,4,45,3
MSI,Intel,Core i5,11.0,8,DDR4,512,0,Windows,64,0,ThinNlight,0,No,No,55490,3,8,1
HP,Intel,Core i5,11.0,8,LPDDR4X,512,0,Windows,64,0,Casual,0,Yes,No,97990,5,3,1
ASUS,Intel,Core i5,9.0,8,DDR4,512,0,Windows,64,4,Gaming,1,No,Yes,54990,4,1681,227
Lenovo,Intel,Core i5,11.0,8,DDR4,512,0,Windows,64,0,ThinNlight,1,No,Yes,59990,4,37,2
Lenovo,Intel,Core i5,11.0,8,DDR4,512,0,Windows,64,0,ThinNlight,1,No,Yes,53990,4,61,2
HP,Intel,Core i5,11.0,16,DDR4,512,0,Windows,64,0,ThinNlight,1,No,Yes,66999,4,17,1
acer,Intel,Core i5,11.0,8,LPDDR4X,512,0,Windows,64,0,ThinNlight,1,No,Yes,60990,4,17,1
ASUS,Intel,Core i5,10.0,8,DDR4,512,0,Windows,64,0,ThinNlight,1,No,Yes,47990,4,1625,152
HP,Intel,Core i5,11.0,8,DDR4,512,0,Windows,32,0,ThinNlight,1,No,Yes,59999,4,4,1
DELL,Intel,Core i5,10.0,16,DDR4,512,0,Windows,64,4,Casual,1,No,No,79990,3,0,0
ASUS,Intel,Core i5,10.0,8,DDR4,512,0,Windows,64,4,Gaming,1,No,No,63990,3,0,0
HP,Intel,Core i5,11.0,8,DDR4,512,0,Windows,64,0,ThinNlight,1,No,Yes,63990,4,17,1
ASUS,Intel,Core i5,11.0,16,DDR4,512,0,Windows,64,0,Casual,1,No,No,59990,3,0,0
Lenovo,Intel,Core i5,11.0,8,DDR4,512,0,Windows,64,0,ThinNlight,1,No,No,55990,3,0,0
ASUS,Intel,Core i5,11.0,16,DDR4,512,0,Windows,64,0,Casual,1,No,No,59990,3,0,0
HP,Intel,Core i5,11.0,8,DDR4,512,0,Windows,64,0,ThinNlight,1,No,Yes,63990,4,3,0
DELL,Intel,Core i5,11.0,16,DDR4,512,0,Windows,64,2,Casual,1,No,Yes,69490,3,0,0
DELL,Intel,Core i5,11.0,16,DDR4,512,0,Windows,64,0,Casual,1,Yes,Yes,89390,3,0,0
ASUS,Intel,Core i5,11.0,8,LPDDR4X,512,0,Windows,64,0,ThinNlight,0,No,No,74990,3,0,0
Lenovo,Intel,Core i5,11.0,8,DDR4,512,0,Windows,64,0,Casual,3,Yes,Yes,64990,4,48,12
Lenovo,Intel,Core i5,10.0,8,DDR4,512,0,Windows,64,4,Casual,1,No,Yes,66490,4,282,36
DELL,Intel,Core i5,11.0,16,DDR4,512,0,Windows,64,2,Casual,1,No,Yes,89702,3,0,0
Lenovo,Intel,Core i5,11.0,16,DDR4,512,0,Windows,64,2,Casual,1,No,Yes,70990,4,67,4
ASUS,Intel,Core i5,11.0,16,DDR4,512,0,Windows,64,0,Casual,1,Yes,Yes,58990,3,0,0
Lenovo,Intel,Core i5,10.0,8,DDR4,512,0,Windows,64,2,Casual,1,No,Yes,57500,3,0,0
DELL,Intel,Core i5,11.0,8,DDR4,512,0,Windows,64,2,Casual,1,Yes,Yes,79990,4,23,2
MSI,Intel,Core i5,10.0,8,DDR4,512,0,Windows,64,0,Casual,0,No,No,56541,4,677,87
ASUS,Intel,Core i5,11.0,16,DDR4,512,0,Windows,64,0,ThinNlight,0,No,No,59990,3,3,0
Lenovo,Intel,Core i5,11.0,16,DDR4,512,0,Windows,64,0,Casual,1,No,Yes,64990,4,46,4
DELL,Intel,Core i5,11.0,8,DDR4,512,0,Windows,64,0,ThinNlight,1,No,No,61290,3,4,1
Lenovo,Intel,Core i5,11.0,8,DDR4,512,0,Windows,64,0,ThinNlight,1,No,Yes,54990,4,9,1
Lenovo,Intel,Core i5,11.0,8,DDR4,512,0,Windows,64,0,Casual,1,No,Yes,59990,4,26,4
ASUS,Intel,Core i5,11.0,8,DDR4,512,0,Windows,32,6,Casual,1,No,No,84990,5,5,0
HP,Intel,Core i5,11.0,8,DDR4,512,0,Windows,64,0,ThinNlight,1,No,Yes,72500,4,40,3
Lenovo,Intel,Core i5,11.0,8,DDR4,512,0,Windows,64,4,Gaming,0,No,No,59990,3,44,6
Lenovo,Intel,Core i5,11.0,8,DDR4,512,0,Windows,64,0,Casual,1,Yes,Yes,87990,4,28,6
HP,Intel,Core i5,11.0,8,DDR4,512,0,Windows,64,0,ThinNlight,0,No,No,57990,4,1541,123
DELL,Intel,Core i5,11.0,8,DDR4,512,0,Windows,64,0,ThinNlight,1,No,Yes,69490,4,72,7
Lenovo,Intel,Core i5,11.0,8,DDR4,512,0,Windows,64,0,Casual,3,Yes,Yes,68990,4,44,8
Lenovo,Intel,Core i5,11.0,8,DDR4,512,0,Windows,32,0,Casual,1,No,Yes,77990,4,17,2
ASUS,Intel,Core i5,11.0,8,LPDDR4X,512,0,Windows,64,0,Casual,1,Yes,No,105990,4,59,11
MSI,Intel,Core i5,11.0,8,LPDDR4X,512,0,Windows,64,0,Casual,1,No,No,79990,3,0,0
DELL,Intel,Core i5,11.0,8,DDR4,512,0,Windows,64,0,ThinNlight,1,No,Yes,55490,4,337,27
Lenovo,Intel,Core i5,11.0,8,DDR4,512,0,Windows,64,0,ThinNlight,1,No,Yes,69990,4,10,2
ASUS,Intel,Core i5,11.0,8,DDR4,512,0,Windows,64,0,Casual,1,Yes,Yes,84990,4,10,2
DELL,Intel,Core i5,11.0,8,DDR4,512,0,Windows,64,0,ThinNlight,0,No,No,59990,3,31,7
DELL,Intel,Core i5,10.0,8,LPDDR4X,512,0,Windows,64,0,ThinNlight,1,No,Yes,111890,3,0,0
DELL,Intel,Core i5,11.0,8,DDR4,512,0,Windows,64,2,Casual,1,No,No,65990,4,10,0
ASUS,Intel,Core i5,11.0,8,LPDDR4X,512,0,Windows,32,0,Casual,1,No,Yes,72990,4,76,14
DELL,Intel,Core i5,11.0,8,DDR4,512,0,Windows,64,0,ThinNlight,1,No,Yes,71090,4,44,6
MSI,Intel,Core i5,11.0,8,DDR4,512,0,Windows,64,4,Casual,2,No,No,74990,3,0,0
ASUS,Intel,Core i5,10.0,8,LPDDR3,512,0,Windows,64,0,Casual,1,No,Yes,79990,4,11,3
MSI,Intel,Core i5,11.0,8,DDR4,512,0,Windows,64,0,Casual,1,No,No,55490,4,138,16
DELL,Intel,Core i5,11.0,8,DDR4,512,0,Windows,64,2,ThinNlight,1,No,Yes,66490,4,199,17
ASUS,Intel,Core i5,11.0,8,DDR4,512,0,Windows,64,0,Casual,1,No,Yes,53400,4,46,6
DELL,Intel,Core i5,11.0,8,DDR4,512,0,Windows,64,0,Casual,1,Yes,Yes,74500,4,45,5
DELL,Intel,Core i5,11.0,8,LPDDR4X,512,0,Windows,64,0,ThinNlight,1,No,Yes,114990,3,0,0
DELL,Intel,Core i5,11.0,8,DDR4,512,0,Windows,64,2,ThinNlight,0,No,No,61990,4,35,4
APPLE,Intel,Core i5,10.0,8,LPDDR4X,512,0,Mac,64,0,Casual,1,No,No,159990,4,32,5
APPLE,Intel,Core i5,8.0,8,DDR3,512,0,Mac,64,0,Casual,1,No,No,172090,4,108,13
MSI,Intel,Core i5,11.0,8,DDR4,512,0,Windows,64,4,Casual,0,No,No,74990,3,0,0
MSI,Intel,Core i5,10.0,8,DDR4,512,0,Windows,64,0,Casual,1,No,No,56490,4,814,112
Lenovo,Intel,Core i5,10.0,8,DDR4,512,0,Windows,64,0,ThinNlight,3,No,No,147000,3,0,0
Lenovo,Intel,Core i5,11.0,8,DDR4,512,0,Windows,64,0,ThinNlight,1,No,Yes,55990,4,75,9
HP,Intel,Core i5,11.0,8,DDR4,512,0,Windows,64,4,Gaming,1,No,Yes,77990,3,0,0
HP,Intel,Core i5,10.0,8,DDR4,512,0,Windows,64,4,Casual,1,No,Yes,106490,4,3,0
Lenovo,Intel,Core i5,11.0,8,DDR4,512,0,Windows,32,2,Casual,1,No,Yes,70990,4,11,3
Lenovo,Intel,Core i5,11.0,8,DDR4,512,0,Windows,64,0,Casual,1,No,Yes,64990,4,125,11
acer,Intel,Core i5,11.0,8,DDR4,512,0,Windows,64,0,Casual,1,No,No,57990,3,0,0
ASUS,Intel,Core i5,10.0,8,DDR4,512,0,Windows,64,4,Gaming,1,No,No,64990,4,4,0
MSI,Intel,Core i5,10.0,8,DDR4,512,0,Windows,64,0,Casual,1,No,No,54990,4,714,147
HP,Intel,Core i5,11.0,8,LPDDR4X,512,0,Windows,64,0,Casual,0,Yes,No,111999,3,0,0
Lenovo,Intel,Core i5,10.0,8,LPDDR4X,512,0,Windows,64,2,Casual,1,No,Yes,70798,4,21,3
Lenovo,Intel,Core i5,9.0,8,DDR4,512,0,Windows,64,4,Casual,0,No,No,59990,3,9,1
acer,Intel,Core i5,8.0,8,DDR4,512,0,Windows,64,4,Casual,1,No,No,99500,3,0,0
HP,Intel,Core i5,10.0,8,DDR4,512,0,Windows,64,0,ThinNlight,1,No,Yes,55990,4,30,4
ASUS,Intel,Core i5,8.0,8,LPDDR3,512,0,Windows,64,0,ThinNlight,1,No,No,72990,4,44,4
acer,Intel,Core i5,8.0,8,DDR3,512,0,Windows,64,0,ThinNlight,1,No,No,64990,3,4,1
ASUS,Intel,Core i5,11.0,8,DDR4,512,0,Windows,64,0,ThinNlight,0,No,No,57990,3,0,0
HP,Intel,Core i5,11.0,8,DDR4,512,0,Windows,64,2,Casual,1,Yes,Yes,76990,4,14,2
Lenovo,Intel,Core i5,11.0,8,DDR4,512,0,Windows,64,0,Casual,2,No,Yes,62998,4,739,71
DELL,Intel,Core i5,11.0,8,DDR4,512,0,Windows,64,0,Casual,1,Yes,Yes,77990,4,31,5
HP,Intel,Core i5,10.0,8,DDR4,512,0,Windows,64,0,Casual,1,Yes,Yes,114990,4,145,19
DELL,Intel,Core i5,10.0,8,DDR4,512,0,Windows,64,2,Casual,1,No,Yes,65990,3,0,0
DELL,Intel,Core i5,11.0,8,DDR4,512,0,Windows,64,2,Casual,1,No,Yes,88990,3,19,2
Lenovo,Intel,Core i5,10.0,8,DDR4,512,0,Windows,64,0,Casual,0,No,No,113590,3,0,0
ASUS,Intel,Core i5,11.0,8,LPDDR4X,512,0,Windows,64,0,Casual,1,Yes,Yes,73990,4,32,6
HP,Intel,Core i5,11.0,8,DDR4,512,0,Windows,64,0,ThinNlight,1,No,Yes,61000,4,1124,100
ASUS,Intel,Core i5,11.0,8,LPDDR4X,512,0,Windows,64,0,Casual,1,Yes,No,99990,4,35,6
Lenovo,Intel,Core i5,11.0,8,DDR4,512,0,Windows,64,0,ThinNlight,1,No,Yes,67990,4,9,0
DELL,Intel,Core i5,11.0,8,DDR4,512,0,Windows,64,0,Casual,1,Yes,Yes,70799,4,98,6
Lenovo,Intel,Core i5,11.0,8,DDR4,512,0,Windows,64,0,ThinNlight,1,No,Yes,65990,4,31,2
ASUS,Intel,Core i5,8.0,8,DDR4,512,0,Windows,64,0,ThinNlight,1,No,No,53690,4,19,3
MSI,Intel,Core i5,11.0,8,DDR4,512,0,Windows,64,0,ThinNlight,1,No,No,55990,3,0,0
ASUS,Intel,Core i5,11.0,8,DDR4,512,0,Windows,64,0,Casual,1,No,Yes,53190,4,11,0
Lenovo,Intel,Core i5,10.0,8,DDR4,512,0,Windows,32,2,Casual,2,No,Yes,58999,4,45,3
DELL,Intel,Core i5,11.0,8,DDR4,512,0,Windows,64,2,ThinNlight,3,No,No,71990,3,0,0
HP,Intel,Core i5,11.0,8,DDR4,512,0,Windows,32,4,Casual,0,No,No,82000,3,0,0
ASUS,Intel,Core i5,11.0,8,LPDDR4X,512,0,Windows,64,0,ThinNlight,0,No,No,84990,3,0,0
Lenovo,Intel,Core i5,11.0,8,DDR4,512,0,Windows,64,2,Casual,0,No,No,89998,3,0,0
ASUS,Intel,Core i5,11.0,8,LPDDR4X,512,0,Windows,64,0,Casual,1,Yes,No,99990,3,0,0
ASUS,Intel,Core i5,11.0,8,LPDDR4X,512,0,Windows,64,0,ThinNlight,0,No,No,84990,3,0,0
Lenovo,Intel,Core i5,10.0,8,DDR4,512,0,Windows,64,4,Gaming,0,No,No,69899,4,474,37
DELL,Intel,Core i5,10.0,8,DDR4,512,0,Windows,64,4,Casual,1,No,No,79990,3,0,0
DELL,Intel,Core i5,10.0,8,DDR4,512,0,Windows,64,4,Casual,1,No,No,76300,4,6,0
Lenovo,Intel,Core i5,10.0,8,DDR4,512,0,Windows,64,0,Casual,1,No,Yes,55999,3,0,0
DELL,Intel,Core i5,11.0,8,DDR4,512,0,Windows,64,0,ThinNlight,0,No,No,72900,3,24,4
DELL,Intel,Core i5,11.0,8,DDR4,512,0,Windows,64,0,Casual,1,Yes,Yes,73990,4,195,17
ASUS,Intel,Core i5,11.0,8,LPDDR4,512,0,Windows,64,0,ThinNlight,0,No,No,84990,3,0,0
DELL,Intel,Core i5,11.0,8,DDR4,512,0,Windows,32,2,Casual,0,No,No,73519,3,0,0
HP,Intel,Core i5,10.0,8,DDR4,512,0,Windows,64,0,Casual,1,Yes,No,126000,5,2,1
ASUS,Intel,Core i5,11.0,8,DDR4,512,0,Windows,64,6,Casual,1,No,No,88990,3,0,0
HP,Intel,Core i5,11.0,8,DDR4,512,0,Windows,64,0,ThinNlight,1,Yes,Yes,114999,3,0,0
DELL,Intel,Core i5,11.0,8,DDR4,512,0,Windows,64,2,Casual,1,Yes,Yes,82990,4,21,2
acer,Intel,Core i5,11.0,8,DDR4,512,0,Windows,64,0,ThinNlight,0,Yes,No,109999,3,0,0
Lenovo,Intel,Core i5,11.0,8,DDR4,512,0,Windows,64,0,ThinNlight,1,Yes,Yes,82990,3,0,0
DELL,Intel,Core i5,11.0,8,DDR4,512,0,Windows,64,2,Casual,1,Yes,Yes,79990,4,5,0
ASUS,Intel,Core i5,11.0,8,LPDDR4X,512,0,Windows,64,0,Casual,1,Yes,No,114990,3,0,0
HP,Intel,Core i5,11.0,8,LPDDR4X,512,0,Windows,64,0,Casual,1,Yes,No,129999,3,0,0
MSI,Intel,Core i5,8.0,8,DDR5,512,0,Windows,32,6,Casual,0,No,No,149990,4,10,3
DELL,Intel,Core i5,11.0,8,DDR4,512,0,Windows,64,2,Casual,0,No,No,71290,3,0,0
DELL,Intel,Core i5,10.0,8,DDR4,512,0,Windows,64,0,ThinNlight,1,No,Yes,79500,4,10,1
DELL,Intel,Core i5,10.0,8,DDR4,512,0,Windows,64,2,Casual,1,No,Yes,82990,3,15,3
DELL,Intel,Core i5,11.0,8,DDR4,512,0,Windows,64,2,Casual,1,No,Yes,70980,4,138,23
ASUS,Intel,Core i5,11.0,8,LPDDR4X,512,0,Windows,64,0,Casual,1,Yes,No,99990,3,0,0
HP,Intel,Core i5,11.0,8,DDR4,512,0,Windows,32,0,Casual,0,No,No,94000,3,0,0
DELL,Intel,Core i5,11.0,8,DDR4,512,0,Windows,64,2,Casual,0,Yes,No,82990,4,16,3
MSI,Intel,Core i5,11.0,8,LPDDR4X,512,0,Windows,64,0,Casual,1,No,No,79990,4,11,4
ASUS,Intel,Core i5,8.0,8,DDR4,512,0,Windows,64,0,ThinNlight,0,No,No,85990,3,0,0
ASUS,Intel,Core i5,10.0,8,DDR4,512,0,Windows,64,2,Casual,0,No,No,86990,3,0,0
ASUS,Intel,Core i5,10.0,8,LPDDR3,512,0,Windows,64,2,Casual,1,No,Yes,105990,5,4,0
ASUS,Intel,Core i5,10.0,8,LPDDR3,512,0,Windows,64,0,Casual,0,No,No,84990,3,0,0
Lenovo,Intel,Core i5,8.0,8,DDR4,512,0,Windows,64,2,Casual,1,No,Yes,59999,4,22,3
Lenovo,Intel,Core i5,11.0,8,DDR4,512,0,Windows,64,0,Casual,1,No,Yes,91999,4,16,2
DELL,Intel,Core i5,11.0,8,DDR4,512,0,Windows,64,0,Casual,1,Yes,Yes,78900,3,16,1
ASUS,Intel,Core i5,10.0,8,LPDDR3,512,0,Windows,64,0,Casual,0,No,No,132790,3,0,0
Lenovo,Intel,Core i5,11.0,8,DDR4,512,0,Windows,64,4,Gaming,0,No,No,60990,3,14,6
Avita,Intel,Core i5,7.0,8,DDR4,512,0,Windows,64,0,ThinNlight,0,No,No,65556,3,0,0
DELL,Intel,Core i5,11.0,16,DDR4,512,0,Windows,64,0,ThinNlight,0,No,No,70190,3,6,3
DELL,Intel,Core i5,11.0,8,DDR4,512,0,Windows,64,2,Casual,1,Yes,No,79590,3,0,0
Avita,Intel,Core i5,7.0,8,DDR4,512,0,Windows,64,0,ThinNlight,0,No,No,65556,3,0,0
ASUS,Intel,Core i5,11.0,8,DDR4,512,0,Windows,64,4,Casual,1,No,No,76990,3,0,0
Avita,Intel,Core i5,7.0,8,DDR4,512,0,Windows,64,0,ThinNlight,0,No,No,65556,3,0,0
Avita,Intel,Core i5,8.0,8,DDR4,512,0,Windows,64,0,ThinNlight,0,No,No,44990,3,17,3
ASUS,Intel,Core i5,11.0,8,DDR4,512,0,Windows,64,0,Casual,1,Yes,Yes,84990,3,17,2
Lenovo,Intel,Core i5,10.0,8,DDR4,512,0,Windows,64,2,Casual,1,Yes,Yes,86999,4,3,0
HP,Intel,Core i5,11.0,16,DDR4,512,0,Windows,64,2,Casual,1,No,No,78000,4,512,85
Avita,Intel,Core i5,8.0,8,DDR4,512,0,Windows,64,0,ThinNlight,0,No,No,73063,3,17,3
Avita,Intel,Core i5,8.0,8,DDR4,512,0,Windows,64,0,ThinNlight,0,No,No,73063,3,17,3
HP,Intel,Core i5,11.0,16,DDR4,512,0,Windows,64,4,Casual,1,No,Yes,100990,3,0,0
Lenovo,Intel,Core i5,8.0,8,DDR4,512,0,Windows,64,0,ThinNlight,1,No,Yes,74990,3,3,1
ASUS,Intel,Core i5,10.0,8,DDR4,512,0,Windows,64,4,Casual,0,No,No,75990,4,1365,137
Lenovo,Intel,Core i5,11.0,8,DDR4,512,0,Windows,32,2,Casual,1,No,Yes,84086,3,8,3
ASUS,Intel,Core i5,11.0,8,DDR4,1024,0,Windows,64,4,Gaming,0,No,No,75990,4,368,48
ASUS,Intel,Core i5,11.0,8,DDR4,1024,0,Windows,64,4,Gaming,1,No,Yes,77990,4,202,26
ASUS,Intel,Core i5,10.0,8,DDR4,1024,0,Windows,64,4,Casual,1,No,No,77990,4,187,26
APPLE,Intel,Core i5,10.0,16,LPDDR4X,1024,0,Mac,64,0,Casual,1,No,No,179990,4,31,3
APPLE,Intel,Core i5,10.0,16,LPDDR4X,1024,0,Mac,64,0,Casual,1,No,No,179990,4,91,5
ASUS,Intel,Core i5,10.0,8,DDR4,1024,0,Windows,64,4,Casual,0,No,No,82990,4,844,118
ASUS,Intel,Core i5,11.0,8,DDR4,1024,0,Windows,64,4,Casual,1,No,No,87990,3,0,0
ASUS,Intel,Core i5,11.0,8,DDR4,1024,0,Windows,64,4,Casual,0,No,No,84500,4,3,0
DELL,Intel,Core i5,11.0,8,LPDDR4X,1024,0,Windows,64,0,ThinNlight,0,No,No,74190,4,21,3
Lenovo,Intel,Core i5,11.0,8,DDR4,1024,0,Windows,64,0,ThinNlight,1,No,Yes,64990,3,4,0
Lenovo,Intel,Core i5,10.0,8,DDR4,512,512,Windows,64,0,ThinNlight,3,Yes,No,155411,3,0,0
Lenovo,Intel,Core i5,10.0,8,DDR4,512,512,Windows,64,0,ThinNlight,3,Yes,No,125394,3,0,0
acer,Intel,Core i5,11.0,8,DDR4,0,1024,Windows,64,0,Casual,0,No,No,49990,3,0,0
acer,Intel,Core i5,11.0,8,DDR4,0,1024,Windows,64,0,ThinNlight,1,No,No,46990,3,253,28
DELL,Intel,Core i5,11.0,8,DDR4,0,1024,Windows,64,0,ThinNlight,1,No,Yes,48990,3,470,46
acer,Intel,Core i5,8.0,8,DDR4,0,1024,Windows,64,2,Casual,1,No,Yes,59999,4,118,28
ASUS,Intel,Core i5,10.0,8,DDR4,0,1024,Windows,64,0,ThinNlight,1,No,No,46990,4,1444,179
MSI,Intel,Core i5,10.0,8,DDR4,0,1024,Windows,64,4,Casual,2,No,No,52990,4,1114,137
Lenovo,Intel,Core i5,7.0,8,DDR4,0,1024,Windows,32,2,Casual,0,No,No,57999,3,0,0
Lenovo,Intel,Core i5,4.0,8,DDR3,0,1024,Windows,64,0,Casual,0,No,No,52490,3,78,17
Lenovo,Intel,Core i5,8.0,8,DDR4,0,1024,Windows,64,4,Casual,1,No,No,56990,4,21,5
acer,Intel,Core i5,8.0,8,DDR4,0,1024,Windows,64,2,ThinNlight,1,No,No,61990,4,73,21
DELL,Intel,Core i5,11.0,8,DDR4,0,1024,Windows,32,0,Casual,0,No,No,58090,3,0,0
ASUS,Intel,Core i5,10.0,8,DDR4,0,1024,Windows,64,0,Casual,0,No,No,56990,3,0,0
acer,Intel,Core i5,8.0,8,DDR4,0,1024,Windows,64,0,ThinNlight,1,No,No,61597,3,0,0
ASUS,Intel,Core i5,8.0,8,DDR4,0,1024,Windows,64,0,ThinNlight,0,No,No,81990,3,0,0
ASUS,Intel,Core i5,10.0,8,DDR4,0,1024,Windows,64,0,Casual,0,No,No,61249,3,0,0
DELL,Intel,Core i5,11.0,8,DDR4,0,1024,Windows,32,0,Casual,0,No,No,58990,3,0,0
ASUS,Intel,Core i5,10.0,8,DDR4,0,1024,Windows,64,2,Casual,0,No,No,83990,3,0,0
MSI,Intel,Core i5,10.0,8,LPDDR4,0,512,DOS,32,6,Casual,0,No,No,291190,4,7,3
MSI,Intel,Core i5,10.0,8,LPDDR4,0,512,DOS,32,6,Casual,0,No,No,145990,4,715,106
MSI,Intel,Core i5,10.0,8,LPDDR4,0,512,DOS,32,8,Casual,0,No,No,179990,4,24,5
HP,Intel,Core i5,8.0,8,DDR4,0,1024,Windows,64,2,Casual,1,No,Yes,64990,4,23,4
HP,Intel,Core i5,8.0,8,DDR4,0,1024,Windows,64,0,Casual,1,No,No,46790,4,3062,325
HP,Intel,Core i5,7.0,4,DDR4,0,1024,Windows,64,0,Casual,1,No,No,44599,4,122,12
acer,Intel,Core i5,8.0,8,DDR4,0,1024,Windows,64,2,Casual,1,No,No,72964,4,18,6
HP,Intel,Core i5,10.0,8,DDR4,0,1024,Windows,32,0,Casual,1,No,Yes,48790,3,11,1
acer,Intel,Core i5,10.0,8,DDR4,0,1024,Windows,64,2,Casual,1,No,No,56491,3,30,6
ASUS,Intel,Core i5,11.0,8,DDR4,256,1024,Windows,32,0,Casual,1,No,Yes,50990,4,1188,127
ASUS,Intel,Core i5,10.0,8,DDR4,256,1024,Windows,64,4,Gaming,0,No,No,55990,4,23,0
acer,Intel,Core i5,11.0,8,DDR4,256,1024,Windows,64,0,Casual,1,No,No,57990,4,32,1
ASUS,Intel,Core i5,11.0,8,DDR4,256,1024,Windows,64,0,Casual,1,No,No,52990,3,0,0
DELL,Intel,Core i5,11.0,8,DDR4,256,1024,Windows,64,0,Casual,1,No,No,57990,4,47,0
acer,Intel,Core i5,11.0,8,DDR4,256,1024,Windows,64,0,ThinNlight,1,No,No,56990,4,27,2
acer,Intel,Core i5,11.0,8,DDR4,256,1024,Windows,64,0,Casual,0,No,No,55490,3,8,3
DELL,Intel,Core i5,11.0,8,DDR4,256,1024,Windows,64,2,Casual,1,No,No,62490,3,157,20
ASUS,Intel,Core i5,11.0,16,DDR4,256,1024,Windows,64,0,Casual,1,No,No,64990,4,10,1
Lenovo,Intel,Core i5,11.0,8,DDR4,256,1024,Windows,64,2,Casual,1,No,Yes,59990,4,52,4
ASUS,Intel,Core i5,11.0,8,DDR4,256,1024,Windows,64,2,Casual,1,No,Yes,60190,4,33,4
ASUS,Intel,Core i5,9.0,8,DDR4,256,1024,Windows,64,4,Gaming,0,No,No,54490,4,343,47
Lenovo,Intel,Core i5,9.0,8,DDR4,256,1024,Windows,64,4,Casual,1,No,Yes,60990,4,131,17
DELL,Intel,Core i5,11.0,4,DDR4,256,1024,Windows,64,0,ThinNlight,1,No,Yes,55790,4,41,4
ASUS,Intel,Core i5,11.0,16,DDR4,256,1024,Windows,64,0,Casual,1,No,Yes,64990,4,328,51
ASUS,Intel,Core i5,11.0,16,DDR4,256,1024,Windows,64,0,ThinNlight,0,No,No,58990,4,6,1
DELL,Intel,Core i5,11.0,8,DDR4,256,1024,Windows,64,0,ThinNlight,1,No,Yes,54990,3,353,28
HP,Intel,Core i5,11.0,8,DDR4,256,1024,Windows,64,4,Gaming,1,No,Yes,71990,4,127,20
DELL,Intel,Core i5,11.0,8,DDR4,256,1024,Windows,64,2,Casual,1,No,No,69900,3,0,0
Lenovo,Intel,Core i5,11.0,8,DDR4,256,1024,Windows,64,2,Casual,1,No,Yes,65990,4,241,19
ASUS,Intel,Core i5,11.0,8,DDR4,256,1024,Windows,64,0,Casual,1,No,No,49990,3,22,2
DELL,Intel,Core i5,11.0,8,DDR4,256,1024,Windows,64,0,ThinNlight,1,No,Yes,58990,4,8,1
Lenovo,Intel,Core i5,10.0,8,DDR4,256,1024,Windows,64,4,Gaming,0,No,No,74590,4,898,128
ASUS,Intel,Core i5,10.0,8,DDR4,256,1024,Windows,32,2,Casual,0,No,No,58990,5,1,1
ASUS,Intel,Core i5,11.0,8,DDR4,256,1024,Windows,64,0,Casual,1,No,No,64990,3,0,0
DELL,Intel,Core i5,11.0,8,DDR4,256,1024,Windows,64,2,Casual,0,No,No,66490,3,6,1
DELL,Intel,Core i5,10.0,8,DDR4,256,1024,Windows,64,4,Casual,0,No,No,77900,4,179,34
DELL,Intel,Core i5,11.0,8,DDR4,256,1024,Windows,64,2,Casual,0,No,No,67490,3,41,5
DELL,Intel,Core i5,11.0,8,DDR4,256,1024,Windows,64,0,ThinNlight,1,No,Yes,61990,3,0,0
DELL,Intel,Core i5,11.0,8,DDR4,256,1024,Windows,64,0,Casual,1,No,Yes,58990,4,114,9
Lenovo,Intel,Core i5,10.0,8,DDR4,256,1024,Windows,64,4,Gaming,0,No,No,74999,4,268,25
ASUS,Intel,Core i5,11.0,8,DDR4,256,1024,Windows,64,0,Casual,1,No,Yes,68900,5,6,1
DELL,Intel,Core i5,11.0,8,DDR4,256,1024,Windows,64,2,Casual,0,No,No,71695,4,153,16
acer,Intel,Core i5,11.0,16,DDR4,256,1024,Windows,64,0,Casual,0,No,No,62490,3,8,0
DELL,Intel,Core i5,8.0,8,DDR4,0,2048,Windows,64,2,Casual,1,No,Yes,62317,4,377,53
MSI,Intel,Core i5,10.0,8,LPDDR4,0,512,DOS,32,8,Casual,0,No,No,207290,3,0,0
DELL,Intel,Core i7,8.0,16,DDR4,256,0,Windows,64,4,Casual,1,No,Yes,87990,4,120,21
Avita,Intel,Core i7,8.0,8,DDR4,256,0,Windows,64,0,ThinNlight,0,No,No,73990,3,0,0
Avita,Intel,Core i7,8.0,8,DDR4,256,0,Windows,64,0,ThinNlight,0,No,No,73990,3,0,0
Avita,Intel,Core i7,8.0,8,DDR4,256,0,Windows,64,0,ThinNlight,0,No,No,73990,3,0,0
Avita,Intel,Core i7,8.0,8,DDR4,256,0,Windows,64,0,ThinNlight,0,No,No,73990,3,0,0
Avita,Intel,Core i7,8.0,8,DDR4,256,0,Windows,64,0,ThinNlight,0,No,No,73990,3,0,0
Avita,Intel,Core i7,8.0,8,DDR4,256,0,Windows,64,0,ThinNlight,0,No,No,73990,3,0,0
ASUS,Intel,Core i7,10.0,16,DDR4,512,0,Windows,64,0,Casual,1,No,No,57990,4,76,9
ASUS,Intel,Core i7,10.0,8,DDR4,512,0,Windows,64,4,Gaming,0,No,No,61990,4,11,2
MSI,Intel,Core i7,10.0,16,DDR4,512,0,Windows,64,4,Casual,2,No,No,79990,4,484,56
Lenovo,Intel,Core i7,10.0,8,DDR4,512,0,Windows,64,4,Gaming,1,No,Yes,68990,4,44,2
Lenovo,Intel,Core i7,11.0,16,DDR4,512,0,Windows,64,0,Casual,1,Yes,Yes,85990,4,77,10
Lenovo,Intel,Core i7,11.0,16,DDR4,512,0,Windows,64,4,Casual,1,No,Yes,99990,4,11,3
ASUS,Intel,Core i7,11.0,8,DDR4,512,0,Windows,64,0,Casual,1,No,Yes,77990,4,21,5
Lenovo,Intel,Core i7,11.0,8,DDR4,512,0,Windows,64,4,Gaming,0,No,No,79990,4,5,2
HP,Intel,Core i7,11.0,16,DDR4,512,0,Windows,64,4,Casual,1,No,Yes,93190,5,4,0
ASUS,Intel,Core i7,11.0,16,LPDDR4X,512,0,Windows,64,0,Casual,1,No,Yes,94990,3,0,0
Lenovo,Intel,Core i7,11.0,16,DDR4,512,0,Windows,64,0,Casual,3,Yes,Yes,84990,4,13,2
MSI,Intel,Core i7,10.0,8,DDR4,512,0,Windows,64,0,ThinNlight,0,No,No,57990,4,15,0
HP,Intel,Core i7,11.0,16,DDR4,512,0,Windows,64,0,Casual,1,Yes,Yes,102990,4,11,2
DELL,Intel,Core i7,11.0,16,DDR4,512,0,Windows,64,4,Casual,1,No,No,99990,3,0,0
ASUS,Intel,Core i7,11.0,16,DDR4,512,0,Windows,64,4,Gaming,0,No,No,94990,4,118,15
HP,Intel,Core i7,11.0,16,DDR4,512,0,Windows,64,0,Casual,1,Yes,Yes,104000,3,0,0
MSI,Intel,Core i7,11.0,16,DDR4,512,0,Windows,64,2,Casual,0,No,No,76990,3,0,0
HP,Intel,Core i7,11.0,16,DDR4,512,0,Windows,64,4,Gaming,1,No,Yes,90190,4,6,1
Lenovo,Intel,Core i7,11.0,16,DDR4,512,0,Windows,32,0,Casual,0,Yes,No,88488,3,0,0
MSI,Intel,Core i7,10.0,16,DDR4,512,0,Windows,64,4,Casual,1,No,No,109990,4,138,30
MSI,Intel,Core i7,11.0,16,DDR4,512,0,Windows,64,4,Casual,0,No,No,86990,3,0,0
MSI,Intel,Core i7,11.0,16,LPDDR4X,512,0,Windows,64,0,Casual,1,No,No,89990,3,0,0
HP,Intel,Core i7,10.0,16,LPDDR3,512,0,Windows,64,0,Casual,1,Yes,Yes,239759,3,0,0
ASUS,Intel,Core i7,11.0,16,DDR4,512,0,Windows,64,2,Casual,1,No,Yes,78990,4,35,4
DELL,Intel,Core i7,8.0,16,DDR3,512,0,Windows,64,0,ThinNlight,1,No,Yes,121890,1,3,0
ASUS,Intel,Core i7,8.0,16,LPDDR3,512,0,Windows,64,0,ThinNlight,1,No,No,85990,4,18,0
MSI,Intel,Core i7,11.0,16,DDR4,512,0,Windows,64,4,Casual,2,No,No,94990,3,0,0
HP,Intel,Core i7,11.0,16,DDR4,512,0,Windows,64,4,Gaming,1,No,Yes,92000,4,8,1
HP,Intel,Core i7,10.0,16,DDR4,512,0,Windows,64,0,Casual,1,Yes,No,162990,3,3,1
DELL,Intel,Core i7,11.0,16,LPDDR4X,512,0,Windows,64,0,ThinNlight,1,No,Yes,135300,5,5,2
MSI,Intel,Core i7,11.0,16,DDR4,512,0,Windows,64,0,Casual,0,No,No,64990,4,33,5
Lenovo,Intel,Core i7,10.0,16,DDR4,512,0,Windows,64,0,ThinNlight,3,No,No,174527,3,0,0
Lenovo,Intel,Core i7,10.0,16,DDR4,512,0,Windows,64,0,ThinNlight,0,No,No,162299,3,0,0
DELL,Intel,Core i7,10.0,16,DDR4,512,0,Windows,64,0,Casual,1,Yes,Yes,109190,3,0,0
HP,Intel,Core i7,11.0,16,DDR4,512,0,Windows,64,0,Casual,1,Yes,Yes,99999,3,0,0
MSI,Intel,Core i7,10.0,16,DDR4,512,0,Windows,64,2,Casual,1,No,No,104990,4,85,9
ASUS,Intel,Core i7,11.0,16,LPDDR4X,512,0,Windows,64,0,ThinNlight,0,Yes,No,109990,3,0,0
ASUS,Intel,Core i7,8.0,16,DDR3,512,0,Windows,64,0,ThinNlight,1,No,No,99990,4,30,7
Lenovo,Intel,Core i7,8.0,16,DDR4,512,0,Windows,64,2,ThinNlight,0,No,No,244801,3,0,0
ASUS,Intel,Core i7,11.0,16,LPDDR4X,512,0,Windows,64,0,ThinNlight,0,No,No,94990,3,0,0
Lenovo,Intel,Core i7,8.0,16,DDR4,512,0,Windows,64,0,ThinNlight,1,No,Yes,86000,3,0,0
Lenovo,Intel,Core i7,10.0,16,DDR4,512,0,Windows,32,2,Casual,0,No,No,162399,3,0,0
HP,Intel,Core i7,11.0,16,DDR4,512,0,Windows,32,0,Casual,0,No,No,119599,3,0,0
Lenovo,Intel,Core i7,10.0,16,LPDDR3,512,0,Windows,64,0,ThinNlight,0,No,No,211753,3,0,0
Lenovo,Intel,Core i7,11.0,16,DDR4,512,0,Windows,32,0,Casual,0,No,No,110999,3,0,0
DELL,Intel,Core i7,11.0,16,DDR4,512,0,Windows,64,4,Casual,1,No,No,99990,3,0,0
ASUS,Intel,Core i7,8.0,8,LPDDR3,512,0,Windows,64,0,ThinNlight,1,No,No,81990,4,40,4
MSI,Intel,Core i7,9.0,8,DDR4,512,0,Windows,64,4,Casual,2,No,No,66990,4,1639,230
MSI,Intel,Core i7,10.0,16,DDR4,1024,0,Windows,64,6,Casual,2,No,No,84990,4,498,64
ASUS,Intel,Core i7,11.0,16,LPDDR4X,1024,0,Windows,64,2,Casual,1,Yes,Yes,104990,3,0,0
ASUS,Intel,Core i7,11.0,16,LPDDR4X,1024,0,Windows,64,0,Casual,1,Yes,No,134990,3,0,0
ASUS,Intel,Core i7,11.0,16,DDR4,1024,0,Windows,64,4,Gaming,0,No,No,98990,4,445,56
HP,Intel,Core i7,10.0,16,DDR4,1024,0,Windows,64,6,Casual,1,No,Yes,144690,4,17,4
ASUS,Intel,Core i7,11.0,16,LPDDR4X,1024,0,Windows,64,0,ThinNlight,0,No,No,99990,3,0,0
MSI,Intel,Core i7,11.0,16,DDR4,1024,0,Windows,64,6,Casual,2,No,No,119990,4,20,3
ASUS,Intel,Core i7,11.0,16,DDR4,1024,0,Windows,32,4,Casual,1,No,No,194990,3,0,0
ASUS,Intel,Core i7,10.0,16,LPDDR3,1024,0,Windows,64,2,Casual,1,No,Yes,124990,4,17,1
DELL,Intel,Core i7,11.0,16,DDR4,1024,0,Windows,64,2,Casual,0,No,No,122410,3,0,0
HP,Intel,Core i7,10.0,16,DDR4,1024,0,Windows,64,0,Casual,1,Yes,No,179990,4,13,5
MSI,Intel,Core i7,11.0,16,DDR4,1024,0,Windows,64,4,Casual,2,Yes,No,154990,4,3,2
Lenovo,Intel,Core i7,11.0,16,LPDDR4X,1024,0,Windows,64,0,Casual,1,No,Yes,122990,3,4,2
ASUS,Intel,Core i7,10.0,16,DDR4,1024,0,Windows,64,6,Casual,1,Yes,No,224990,4,9,0
MSI,Intel,Core i7,12.0,16,DDR5,1024,0,Windows,64,8,Casual,0,No,No,279990,3,0,0
HP,Intel,Core i7,11.0,16,DDR4,1024,0,Windows,64,4,Casual,0,No,No,121990,3,0,0
HP,Intel,Core i7,11.0,16,DDR4,1024,0,Windows,64,4,Casual,0,No,No,116990,3,0,0
Lenovo,Intel,Core i7,11.0,16,DDR4,1024,0,Windows,64,6,Casual,0,No,No,151098,4,7,0
MSI,Intel,Core i7,11.0,16,DDR4,1024,0,Windows,64,8,Casual,2,No,No,129990,4,14,3
HP,Intel,Core i7,11.0,16,LPDDR4X,1024,0,Windows,64,0,Casual,1,Yes,No,149999,3,0,0
MSI,Intel,Core i7,12.0,16,DDR4,1024,0,Windows,64,6,Casual,0,No,No,139990,4,4,2
acer,Intel,Core i7,11.0,16,DDR4,1024,0,Windows,64,6,Casual,1,No,No,129990,4,54,7
HP,Intel,Core i7,11.0,16,DDR4,1024,0,Windows,64,8,Casual,1,No,Yes,171990,3,0,0
DELL,Intel,Core i7,11.0,16,DDR4,1024,0,Windows,64,2,Casual,1,No,Yes,93955,4,4,0
ASUS,Intel,Core i7,10.0,16,DDR4,1024,0,Windows,64,8,Casual,0,No,No,234990,3,0,0
HP,Intel,Core i7,11.0,16,LPDDR4X,1024,0,Windows,64,0,Casual,1,Yes,Yes,128500,3,3,1
Lenovo,Intel,Core i7,11.0,16,DDR4,1024,0,Windows,64,0,Casual,1,Yes,Yes,102990,4,16,2
ASUS,Intel,Core i7,11.0,16,LPDDR4X,1024,0,Windows,64,0,Casual,1,Yes,No,119990,4,8,1
ASUS,Intel,Core i7,11.0,16,DDR4,1024,0,Windows,32,6,Casual,0,No,No,120980,3,0,0
ASUS,Intel,Core i7,11.0,16,DDR4,1024,0,Windows,32,6,Casual,1,No,No,157249,4,7,0
Lenovo,Intel,Core i7,9.0,16,DDR4,1024,0,Windows,64,4,ThinNlight,0,No,No,229900,3,0,0
ASUS,Intel,Core i7,11.0,16,DDR4,1024,0,Windows,64,6,Casual,1,No,No,131500,3,0,0
ASUS,Intel,Core i7,10.0,16,LPDDR3,1024,0,Windows,64,0,Casual,0,No,No,154990,5,3,0
ASUS,Intel,Core i7,10.0,16,LPDDR3,1024,0,Windows,64,0,Casual,0,No,No,165990,3,0,0
Lenovo,Intel,Core i7,10.0,16,LPDDR4X,1024,0,Windows,64,0,ThinNlight,0,No,No,119990,2,2,1
ASUS,Intel,Core i7,10.0,16,LPDDR3,1024,0,Windows,64,0,Casual,0,No,No,167990,3,0,0
HP,Intel,Core i7,11.0,16,LPDDR4X,1024,0,Windows,64,0,Casual,1,Yes,No,165000,3,0,0
Avita,Intel,Core i7,10.0,16,DDR4,1024,0,Windows,64,0,ThinNlight,0,No,No,62990,3,207,49
Lenovo,Intel,Core i7,11.0,16,LPDDR4,1024,0,Windows,64,0,Casual,1,No,Yes,85990,3,7,2
HP,Intel,Core i7,11.0,16,DDR4,1024,0,Windows,64,2,Casual,1,No,Yes,94990,3,0,0
HP,Intel,Core i7,11.0,16,DDR4,1024,0,Windows,64,6,Casual,1,No,Yes,136990,3,0,0
Lenovo,Intel,Core i7,10.0,16,DDR4,1024,0,Windows,64,8,Casual,1,No,Yes,234990,3,0,0
acer,Intel,Core i7,10.0,16,DDR4,2048,0,Windows,64,8,Casual,1,No,No,159990,3,4,0
ASUS,Intel,Core i7,10.0,16,LPDDR3,2048,0,Windows,64,0,Casual,0,No,No,233990,3,0,0
ASUS,Intel,Core i7,10.0,16,DDR4,0,1024,Windows,64,2,Casual,0,No,No,93990,3,0,0
HP,Intel,Core i7,8.0,16,DDR4,128,1024,Windows,64,4,Casual,1,No,No,116941,3,0,0
MSI,Intel,Core i7,10.0,8,DDR4,256,1024,Windows,64,4,Casual,2,No,No,63990,4,794,83
ASUS,Intel,Core i7,10.0,16,DDR4,256,1024,Windows,64,4,Gaming,0,No,No,66990,4,25,4
ASUS,Intel,Core i7,11.0,16,DDR4,256,1024,Windows,32,0,ThinNlight,0,No,No,82500,3,0,0
acer,Intel,Core i7,10.0,16,DDR4,256,1024,Windows,64,6,Casual,1,No,No,119990,4,2038,313
MSI,Intel,Core i7,10.0,16,DDR4,256,1024,Windows,64,4,Casual,3,No,No,159990,3,0,0
ASUS,Intel,Core i7,8.0,16,DDR4,256,1024,Windows,64,0,ThinNlight,0,No,No,98912,3,0,0
acer,Intel,Core i7,11.0,16,DDR4,512,1024,Windows,64,4,Casual,1,No,No,92990,4,214,37
acer,Intel,Core i7,11.0,16,DDR4,512,1024,Windows,32,6,Casual,1,No,No,119990,4,342,54
acer,Intel,Core i9,11.0,32,DDR4,1024,0,Windows,64,8,Casual,1,No,No,169990,3,0,0
acer,Intel,Core i9,11.0,16,DDR4,1024,0,Windows,64,6,Casual,1,No,No,139990,3,0,0
MSI,Intel,Core i9,11.0,16,DDR4,1024,0,Windows,64,6,Casual,0,No,No,192990,3,0,0
ASUS,Intel,Core i9,12.0,16,DDR5,1024,0,Windows,64,6,Casual,0,No,No,299990,3,0,0
ASUS,Intel,Core i9,10.0,16,DDR4,1024,0,Windows,64,6,Casual,1,Yes,No,269990,4,8,1
ASUS,Intel,Core i9,11.0,16,DDR4,1024,0,Windows,64,6,Gaming,1,No,No,139990,3,0,0
Lenovo,Intel,Core i9,10.0,16,DDR4,1024,0,Windows,32,8,Casual,0,No,No,265998,3,0,0
ASUS,Intel,Core i9,11.0,16,DDR4,3072,0,Windows,32,6,Casual,1,No,No,441990,5,1,1
MSI,Intel,Core i5,10.0,8,LPDDR4,0,512,DOS,32,4,Casual,0,No,No,86990,4,218,27
MSI,Intel,Core i5,10.0,8,LPDDR4,0,512,DOS,32,6,Casual,0,No,No,109990,4,78,16
MSI,Intel,Core i5,10.0,8,LPDDR4,0,512,DOS,32,4,Casual,0,No,No,109590,4,5,2
ASUS,Intel,Core i7,10.0,16,LPDDR4X,0,512,DOS,32,6,Casual,0,No,No,146490,3,2,1
APPLE,M1,M1,10.0,8,DDR4,256,0,Mac,64,0,Casual,1,No,No,85990,4,6725,629
APPLE,M1,M1,10.0,8,DDR4,256,0,Mac,64,0,Casual,1,No,No,112990,4,640,70
APPLE,M1,M1,10.0,16,DDR4,256,0,Mac,64,0,Casual,1,No,No,104990,4,45,4
APPLE,M1,M1,10.0,8,DDR4,256,0,Mac,64,0,Casual,1,No,No,112990,4,640,70
APPLE,M1,M1,10.0,16,DDR4,256,0,Mac,64,0,Casual,1,No,No,132990,4,640,70
APPLE,M1,M1,10.0,16,DDR4,256,0,Mac,64,0,Casual,1,No,No,104990,4,45,4
APPLE,M1,M1,10.0,8,DDR4,256,0,Mac,64,0,Casual,1,No,No,85990,4,6725,629
APPLE,M1,M1,10.0,16,DDR4,512,0,Mac,64,0,Casual,1,No,No,149990,4,640,70
APPLE,M1,M1,10.0,8,DDR4,512,0,Mac,64,0,Casual,1,No,No,125990,4,399,45
APPLE,M1,M1,10.0,8,DDR4,512,0,Mac,64,0,Casual,1,No,No,103990,4,809,91
APPLE,M1,M1,10.0,8,DDR4,512,0,Mac,64,0,Casual,1,No,No,101990,4,809,91
APPLE,M1,M1,10.0,8,DDR4,512,0,Mac,64,0,Casual,1,No,No,104990,4,6725,629
APPLE,M1,M1,10.0,8,DDR4,512,0,Mac,64,0,Casual,1,No,No,131990,4,399,45
APPLE,M1,M1,10.0,16,DDR4,512,0,Mac,64,0,Casual,1,No,No,128990,4,45,4
APPLE,M1,M1,10.0,16,DDR4,512,0,Mac,64,0,Casual,1,No,No,184990,4,42,8
APPLE,M1,M1,10.0,16,DDR4,512,0,Mac,64,0,Casual,1,No,No,225990,4,42,8
APPLE,M1,M1,10.0,4,DDR4,512,0,Mac,64,0,Casual,1,No,No,124990,4,45,4
APPLE,M1,M1,10.0,8,DDR4,512,0,Mac,64,0,Casual,1,No,No,104990,4,6725,629
APPLE,M1,M1,10.0,8,DDR4,1024,0,Mac,64,0,Casual,1,No,No,149990,4,640,70
APPLE,M1,M1,10.0,16,DDR4,1024,0,Mac,64,0,Casual,1,No,No,169990,4,640,70
APPLE,M1,M1,10.0,16,DDR4,1024,0,Mac,64,0,Casual,1,No,No,225990,4,42,8
APPLE,M1,M1,10.0,16,DDR4,1024,0,Mac,64,0,Casual,1,No,No,243990,4,42,8
APPLE,M1,M1,10.0,32,DDR4,1024,0,Mac,64,0,Casual,1,No,No,309990,5,3,1
APPLE,M1,M1,10.0,16,DDR4,1024,0,Mac,64,0,Casual,1,No,No,225990,4,42,8
ASUS,Intel,Pentium Quad,,4,LPDDR4X,0,512,Windows,64,0,Casual,0,No,No,45990,3,0,0
ASUS,Intel,Pentium Quad,,4,DDR4,128,0,Windows,32,0,Casual,0,Yes,No,58100,3,0,0
ASUS,Intel,Pentium Quad,,8,LPDDR4X,256,0,Windows,64,0,Casual,1,Yes,No,62990,3,0,0
HP,Intel,Pentium Quad,,8,DDR4,256,0,Windows,64,0,ThinNlight,1,No,Yes,32990,4,77,9
ASUS,Intel,Pentium Quad,,4,DDR4,256,0,Windows,64,0,ThinNlight,1,No,Yes,33990,4,6,0
acer,Intel,Pentium Quad,,4,DDR4,256,0,Windows,64,0,Casual,1,No,No,30990,4,465,89
DELL,Intel,Pentium Quad,,4,DDR4,256,0,Windows,64,0,ThinNlight,1,No,No,36000,4,102,16
ASUS,Intel,Pentium Quad,,4,DDR4,256,0,Windows,64,0,ThinNlight,1,No,Yes,32990,4,7,1
DELL,Intel,Pentium Quad,,4,DDR4,256,0,Windows,64,0,Casual,1,No,No,35990,3,0,0
ASUS,Intel,Pentium Quad,,4,LPDDR4,0,1024,Windows,64,0,Casual,0,No,No,27990,3,0,0
ASUS,Intel,Pentium Quad,,4,DDR4,0,1024,Windows,64,0,Casual,1,No,No,25990,3,4741,658
ASUS,Intel,Pentium Quad,,4,DDR4,0,1024,Windows,64,0,Casual,1,No,No,25990,3,2736,350
ASUS,Intel,Pentium Quad,,4,DDR4,0,1024,Windows,64,0,Casual,0,No,No,30780,3,0,0
HP,AMD,Ryzen 3,,8,DDR4,256,0,Windows,64,0,ThinNlight,1,No,No,37990,4,2214,241
ASUS,AMD,Ryzen 3,,8,DDR4,256,0,Windows,64,0,ThinNlight,1,No,No,35990,4,2886,375
DELL,AMD,Ryzen 3,,8,DDR4,256,0,Windows,64,0,ThinNlight,0,No,No,39490,4,34,4
DELL,AMD,Ryzen 3,,8,DDR4,256,0,Windows,64,0,ThinNlight,0,No,No,36990,4,137,15
DELL,AMD,Ryzen 3,,8,DDR4,256,0,Windows,64,0,ThinNlight,1,No,No,39990,4,7,0
ASUS,AMD,Ryzen 3,,4,DDR4,256,0,Windows,64,0,ThinNlight,1,No,No,33690,4,170,26
DELL,AMD,Ryzen 3,,8,DDR4,256,0,Windows,64,0,ThinNlight,0,No,No,40590,3,0,0
ASUS,AMD,Ryzen 3,,4,DDR4,256,0,Windows,64,0,Casual,1,No,No,37990,4,39,3
ASUS,AMD,Ryzen 3,,4,DDR4,256,0,Windows,64,0,ThinNlight,1,No,Yes,34500,4,2886,375
acer,AMD,Ryzen 3,,8,DDR4,512,0,Windows,64,0,Casual,1,No,No,36990,4,11,2
HP,AMD,Ryzen 3,,8,DDR4,512,0,Windows,64,0,ThinNlight,0,No,No,43490,4,163,33
HP,AMD,Ryzen 3,,8,DDR4,512,0,Windows,64,0,ThinNlight,1,No,Yes,41490,4,153,21
acer,AMD,Ryzen 3,,4,DDR4,512,0,Windows,64,0,Casual,0,No,No,34990,3,0,0
HP,AMD,Ryzen 3,,4,DDR4,512,0,Windows,64,0,ThinNlight,1,No,Yes,44490,4,267,42
DELL,AMD,Ryzen 3,,4,DDR4,512,0,Windows,64,0,ThinNlight,0,No,No,40590,3,0,0
DELL,AMD,Ryzen 3,,8,DDR4,512,0,Windows,64,0,ThinNlight,0,No,No,42090,3,3,0
DELL,AMD,Ryzen 3,,8,DDR4,0,1024,Windows,64,0,ThinNlight,1,No,Yes,35990,4,59,12
HP,AMD,Ryzen 3,,8,DDR4,0,1024,Windows,64,0,ThinNlight,1,No,Yes,39490,4,7291,895
DELL,AMD,Ryzen 3,,8,DDR4,0,1024,Windows,64,0,ThinNlight,0,No,No,37390,4,38,5
DELL,AMD,Ryzen 3,,4,DDR4,0,1024,Windows,64,0,ThinNlight,1,No,Yes,52632,3,0,0
DELL,AMD,Ryzen 3,,4,DDR4,0,1024,Windows,64,0,Casual,1,No,Yes,39990,4,409,39
DELL,AMD,Ryzen 3,,4,DDR4,0,1024,Windows,64,0,Casual,1,No,No,43990,3,0,0
HP,AMD,Ryzen 3,,4,DDR4,0,1024,Windows,64,0,Casual,1,No,No,32917,4,353,58
Lenovo,AMD,Ryzen 3,,4,DDR4,0,1024,Windows,64,0,Casual,0,No,No,34990,3,38,6
DELL,AMD,Ryzen 3,,8,DDR4,0,1024,Windows,64,0,ThinNlight,0,No,No,39990,3,18,4
HP,AMD,Ryzen 3,,8,DDR4,256,1024,Windows,64,0,Casual,1,No,Yes,41999,4,3524,432
DELL,AMD,Ryzen 5,,8,DDR4,256,0,Windows,64,0,Casual,1,No,Yes,41990,4,939,107
DELL,AMD,Ryzen 5,,8,DDR4,256,0,Windows,64,0,ThinNlight,1,No,No,44490,4,14,1
DELL,AMD,Ryzen 5,,8,DDR4,256,0,Windows,64,0,Casual,1,No,Yes,41990,4,649,84
DELL,AMD,Ryzen 5,,8,DDR4,256,0,Windows,64,0,ThinNlight,1,No,Yes,44490,4,8,2
MSI,AMD,Ryzen 5,,4,DDR4,256,0,Windows,64,0,Casual,1,No,No,49990,3,0,0
DELL,AMD,Ryzen 5,,4,DDR4,256,0,Windows,64,0,ThinNlight,1,No,No,44390,4,276,24
HP,AMD,Ryzen 5,,8,DDR4,512,0,Windows,64,4,Casual,1,No,No,57990,4,4740,532
Lenovo,AMD,Ryzen 5,,8,DDR4,512,0,Windows,64,4,Gaming,1,No,Yes,56990,4,162,15
Lenovo,AMD,Ryzen 5,,8,DDR4,512,0,Windows,64,0,ThinNlight,1,No,No,48990,4,219,27
HP,AMD,Ryzen 5,,8,DDR4,512,0,Windows,64,0,ThinNlight,1,No,Yes,49970,4,193,28
MSI,AMD,Ryzen 5,,8,DDR4,512,0,Windows,64,0,Casual,0,No,No,47990,4,562,89
HP,AMD,Ryzen 5,,8,DDR4,512,0,Windows,64,0,ThinNlight,1,No,Yes,48990,4,45,5
acer,AMD,Ryzen 5,,8,LPDDR4X,512,0,Windows,64,0,ThinNlight,1,No,No,53990,4,7,0
Lenovo,AMD,Ryzen 5,,8,DDR4,512,0,Windows,64,0,Casual,1,No,Yes,52990,4,39,5
acer,AMD,Ryzen 5,,8,DDR4,512,0,Windows,64,0,Casual,1,No,No,43990,3,0,0
Lenovo,AMD,Ryzen 5,,8,DDR4,512,0,Windows,64,4,Gaming,0,No,No,59490,4,92,10
MSI,AMD,Ryzen 5,,8,DDR4,512,0,Windows,64,4,Casual,0,No,No,64990,4,469,80
DELL,AMD,Ryzen 5,,8,DDR4,512,0,Windows,64,0,ThinNlight,0,No,No,47490,2,2,1
HP,AMD,Ryzen 5,,8,DDR4,512,0,Windows,64,4,Casual,1,No,No,59990,4,1978,188
Lenovo,AMD,Ryzen 5,,8,DDR4,512,0,Windows,64,4,Casual,0,No,No,69990,4,9,0
HP,AMD,Ryzen 5,,8,DDR4,512,0,Windows,64,4,Casual,1,No,No,58990,4,1049,134
DELL,AMD,Ryzen 5,,8,DDR4,512,0,Windows,64,0,ThinNlight,1,No,No,59490,4,74,18
HP,AMD,Ryzen 5,,16,DDR4,512,0,Windows,64,0,ThinNlight,1,No,Yes,67500,4,196,19
HP,AMD,Ryzen 5,,8,DDR4,512,0,Windows,32,0,Casual,0,No,No,48990,4,17,1
ASUS,AMD,Ryzen 5,,8,DDR4,512,0,Windows,64,0,Casual,1,Yes,Yes,62450,4,172,36
ASUS,AMD,Ryzen 5,,8,DDR4,512,0,Windows,64,0,Casual,1,No,No,58990,4,324,34
HP,AMD,Ryzen 5,,8,DDR4,512,0,Windows,64,0,ThinNlight,1,No,Yes,57999,4,86,15
ASUS,AMD,Ryzen 5,,16,DDR4,512,0,Windows,64,0,Casual,0,No,No,56990,4,4,1
HP,AMD,Ryzen 5,,8,DDR4,512,0,Windows,64,4,Casual,1,No,Yes,72990,4,16,4
HP,AMD,Ryzen 5,,16,DDR4,512,0,Windows,64,0,Casual,1,No,Yes,65990,4,104,18
HP,AMD,Ryzen 5,,16,DDR4,512,0,Windows,64,0,Casual,1,Yes,Yes,98020,3,0,0
HP,AMD,Ryzen 5,,16,DDR4,512,0,Windows,64,2,Casual,1,No,Yes,63990,4,90,13
ASUS,AMD,Ryzen 5,,8,DDR4,512,0,Windows,32,0,ThinNlight,1,No,Yes,49890,4,6,1
DELL,AMD,Ryzen 5,,8,DDR4,512,0,Windows,64,0,ThinNlight,1,No,Yes,49990,4,47,7
DELL,AMD,Ryzen 5,,8,DDR4,512,0,Windows,64,0,ThinNlight,1,No,Yes,59490,3,0,0
HP,AMD,Ryzen 5,,8,DDR4,512,0,Windows,64,0,Casual,1,Yes,Yes,73999,4,206,27
DELL,AMD,Ryzen 5,,4,DDR4,512,0,Windows,64,0,ThinNlight,1,No,Yes,60990,4,183,42
DELL,AMD,Ryzen 5,,4,DDR4,512,0,Windows,64,6,Casual,0,No,No,76190,4,358,64
Lenovo,AMD,Ryzen 5,,4,LPDDR4X,512,0,Windows,64,0,ThinNlight,3,Yes,Yes,74798,3,0,0
ASUS,AMD,Ryzen 5,,4,DDR4,512,0,Windows,64,0,Casual,1,No,No,58990,4,88,13
HP,AMD,Ryzen 5,,4,DDR4,512,0,Windows,32,4,Casual,0,No,No,68100,3,0,0
Lenovo,AMD,Ryzen 5,,4,DDR4,512,0,Windows,64,0,ThinNlight,1,Yes,Yes,77990,3,0,0
HP,AMD,Ryzen 5,,4,DDR4,512,0,Windows,64,0,ThinNlight,1,No,Yes,55090,4,364,52
ASUS,AMD,Ryzen 5,,4,LPDDR4X,512,0,Windows,64,0,Casual,0,Yes,No,91990,3,0,0
HP,AMD,Ryzen 5,,4,DDR4,512,0,Windows,64,0,Casual,1,No,Yes,84208,3,0,0
acer,AMD,Ryzen 5,,4,DDR4,512,0,Windows,64,0,Casual,1,No,No,44990,4,313,39
HP,AMD,Ryzen 5,,4,DDR4,512,0,Windows,64,0,ThinNlight,1,No,Yes,53490,4,826,118
Lenovo,AMD,Ryzen 5,,4,DDR4,512,0,Windows,64,4,Casual,0,No,No,76498,3,0,0
DELL,AMD,Ryzen 5,,4,DDR4,512,0,Windows,64,4,Casual,1,No,No,98920,3,0,0
MSI,AMD,Ryzen 5,,4,DDR4,512,0,Windows,64,0,Casual,0,No,No,54990,4,1410,203
acer,AMD,Ryzen 5,,4,DDR4,512,0,Windows,64,0,Casual,1,No,No,49990,4,47,6
HP,AMD,Ryzen 5,,4,DDR4,512,0,Windows,32,0,Casual,0,No,No,52380,3,0,0
acer,AMD,Ryzen 5,,4,DDR4,512,0,Windows,64,0,ThinNlight,1,No,No,49990,4,6,1
HP,AMD,Ryzen 5,,4,DDR4,512,0,Windows,64,0,ThinNlight,1,No,Yes,52500,4,741,67
ASUS,AMD,Ryzen 5,,4,DDR4,512,0,Windows,64,0,ThinNlight,1,No,Yes,49990,4,14,2
acer,AMD,Ryzen 5,,4,DDR4,512,0,Windows,64,0,ThinNlight,1,No,No,75999,3,0,0
ASUS,AMD,Ryzen 5,,4,DDR4,512,0,Windows,64,0,Casual,1,No,No,80990,3,0,0
Lenovo,AMD,Ryzen 5,,4,DDR4,512,0,Windows,32,0,Casual,1,No,No,59900,3,3,0
HP,AMD,Ryzen 5,,4,DDR4,512,0,Windows,64,0,ThinNlight,1,No,Yes,54590,4,349,69
DELL,AMD,Ryzen 5,,4,DDR4,512,0,Windows,64,0,Casual,1,Yes,Yes,75500,3,0,0
HP,AMD,Ryzen 5,,8,DDR4,512,0,Windows,64,0,ThinNlight,1,No,Yes,51890,4,519,48
ASUS,AMD,Ryzen 5,,16,DDR4,512,0,Windows,64,0,Casual,1,No,No,78000,2,3,0
HP,AMD,Ryzen 5,,16,DDR4,512,0,Windows,64,0,ThinNlight,1,No,Yes,59999,4,19,1
HP,AMD,Ryzen 5,,8,DDR4,512,0,Windows,64,4,Gaming,1,No,Yes,64990,3,8,1
DELL,AMD,Ryzen 5,,4,DDR4,1024,0,Windows,32,0,Casual,0,No,No,57900,4,3,1
Lenovo,AMD,Ryzen 5,,4,LPDDR4X,1024,0,Windows,64,0,ThinNlight,3,Yes,Yes,81978,3,0,0
HP,AMD,Ryzen 5,,4,DDR4,0,1024,Windows,64,4,Gaming,1,No,No,59990,4,1480,151
DELL,AMD,Ryzen 5,,8,DDR4,256,1024,Windows,64,0,Casual,0,No,No,49490,4,31,3
ASUS,AMD,Ryzen 5,,8,DDR4,256,1024,Windows,64,0,Casual,1,No,No,54990,4,18,3
Lenovo,AMD,Ryzen 5,,8,DDR4,256,1024,Windows,64,4,Casual,0,No,No,68500,4,271,24
ASUS,AMD,Ryzen 5,,8,DDR4,256,1024,Windows,64,0,Casual,1,No,No,54990,4,49,6
ASUS,AMD,Ryzen 5,,8,DDR4,256,1024,Windows,32,0,Casual,1,No,Yes,54990,4,474,65
Lenovo,AMD,Ryzen 5,,8,DDR4,256,1024,Windows,64,0,Gaming,1,No,Yes,63990,4,861,116
HP,AMD,Ryzen 5,,4,DDR4,256,1024,Windows,64,4,Gaming,1,No,No,80000,4,34,6
DELL,AMD,Ryzen 5,,4,DDR4,256,1024,Windows,32,0,Casual,0,No,No,51990,3,0,0
ASUS,AMD,Ryzen 5,,4,DDR4,256,1024,Windows,64,0,Casual,1,No,Yes,62990,4,165,34
HP,AMD,Ryzen 5,,4,DDR4,256,1024,Windows,64,0,ThinNlight,1,No,No,52990,4,698,74
ASUS,AMD,Ryzen 5,,4,DDR4,256,1024,Windows,64,0,ThinNlight,1,No,Yes,75100,3,0,0
ASUS,AMD,Ryzen 7,,16,DDR4,512,0,Windows,32,4,Gaming,0,No,No,76990,4,22,3
ASUS,AMD,Ryzen 7,,16,DDR4,512,0,Windows,64,4,Casual,1,No,No,79990,3,0,0
ASUS,AMD,Ryzen 7,,8,DDR4,512,0,Windows,64,4,Casual,0,No,No,71990,4,144,16
ASUS,AMD,Ryzen 7,,8,DDR4,512,0,Windows,64,4,Casual,0,No,No,71990,4,1810,235
Lenovo,AMD,Ryzen 7,,16,DDR4,512,0,Windows,64,4,Casual,1,No,Yes,99990,4,26,1
ASUS,AMD,Ryzen 7,,16,DDR4,512,0,Windows,64,0,Casual,1,No,No,79990,3,0,0
DELL,AMD,Ryzen 7,,16,DDR4,512,0,Windows,64,4,Casual,1,No,No,93990,3,0,0
ASUS,AMD,Ryzen 7,,16,DDR4,512,0,Windows,64,4,Gaming,0,No,No,82990,4,1067,145
ASUS,AMD,Ryzen 7,,4,DDR5,512,0,Windows,64,4,Casual,0,No,No,106990,3,0,0
ASUS,AMD,Ryzen 7,,4,DDR4,512,0,Windows,64,0,Casual,1,No,No,92990,4,25,4
Lenovo,Intel,Ryzen 7,,4,DDR4,512,0,Windows,32,4,Casual,3,No,Yes,81490,3,0,0
ASUS,AMD,Ryzen 7,,4,DDR4,512,0,Windows,64,0,Casual,1,No,Yes,56990,3,0,0
MSI,AMD,Ryzen 7,,4,DDR4,512,0,Windows,64,0,Casual,0,No,No,64990,3,0,0
Lenovo,AMD,Ryzen 7,,4,DDR4,512,0,Windows,64,0,Casual,1,No,Yes,60990,4,530,69
Lenovo,AMD,Ryzen 7,,4,DDR4,512,0,Windows,64,4,Casual,1,No,Yes,84988,3,0,0
HP,AMD,Ryzen 7,,4,DDR4,512,0,Windows,64,4,Casual,1,No,No,90990,4,273,40
ASUS,AMD,Ryzen 7,,4,DDR4,512,0,Windows,64,0,Casual,1,No,No,63990,4,77,7
Lenovo,AMD,Ryzen 7,,4,DDR4,512,0,Windows,64,0,Casual,1,No,Yes,63990,4,105,10
HP,AMD,Ryzen 7,,4,DDR4,512,0,Windows,64,0,ThinNlight,1,No,Yes,57999,4,44,5
ASUS,AMD,Ryzen 7,,4,DDR4,512,0,Windows,32,4,Casual,0,No,No,72400,3,0,0
Lenovo,AMD,Ryzen 7,,4,DDR4,512,0,Windows,64,0,Casual,1,Yes,No,78990,4,6,0
acer,AMD,Ryzen 7,,4,DDR4,512,0,Windows,64,0,ThinNlight,1,No,No,59990,3,0,0
ASUS,AMD,Ryzen 7,,4,DDR5,512,0,Windows,32,4,Casual,1,No,No,111990,3,0,0
HP,AMD,Ryzen 7,,4,DDR4,512,0,Windows,32,0,Casual,0,Yes,No,109000,3,0,0
DELL,AMD,Ryzen 7,,4,DDR4,512,0,Windows,64,6,Casual,0,No,No,89990,4,191,27
Lenovo,AMD,Ryzen 7,,4,DDR4,512,0,Windows,64,0,Casual,3,Yes,Yes,78988,3,0,0
Lenovo,AMD,Ryzen 7,,4,DDR4,512,0,Windows,64,4,Casual,0,No,No,73138,3,4,1
Lenovo,AMD,Ryzen 7,,4,DDR4,512,0,Windows,64,4,Casual,1,No,No,106990,3,0,0
ASUS,AMD,Ryzen 7,,4,DDR4,512,0,Windows,32,4,Casual,0,No,No,79990,3,0,0
DELL,AMD,Ryzen 7,,4,DDR4,512,0,Windows,64,0,Casual,1,Yes,Yes,89570,3,0,0
HP,AMD,Ryzen 7,,4,DDR4,512,0,Windows,64,0,ThinNlight,1,No,Yes,68500,4,134,22
Lenovo,AMD,Ryzen 7,,16,DDR4,512,0,Windows,64,0,Casual,1,No,No,73400,3,0,0
HP,AMD,Ryzen 7,,16,DDR4,512,0,Windows,64,2,Casual,1,No,Yes,79990,3,23,6
HP,AMD,Ryzen 7,,16,DDR4,512,0,Windows,64,4,Gaming,1,No,Yes,84990,2,4,2
MSI,AMD,Ryzen 7,,16,DDR4,1024,0,Windows,64,8,Casual,1,No,No,99990,4,108,24
ASUS,AMD,Ryzen 7,,8,LPDDR4X,1024,0,Windows,64,4,Casual,0,No,No,72990,4,198,24
HP,AMD,Ryzen 7,,16,DDR4,1024,0,Windows,64,0,ThinNlight,1,Yes,Yes,92990,3,0,0
HP,AMD,Ryzen 7,,16,DDR4,1024,0,Windows,64,0,ThinNlight,1,No,Yes,84190,3,0,0
ASUS,AMD,Ryzen 7,,16,LPDDR4X,1024,0,Windows,64,0,Casual,0,Yes,No,112990,3,0,0
ASUS,AMD,Ryzen 7,,4,DDR5,1024,0,Windows,32,4,Casual,1,No,No,114990,3,0,0
acer,AMD,Ryzen 7,,4,DDR4,1024,0,Windows,64,4,Casual,1,No,No,99990,3,0,0
ASUS,AMD,Ryzen 7,,4,DDR4,1024,0,Windows,32,4,Gaming,0,No,No,95990,4,57,3
HP,AMD,Ryzen 7,,4,DDR4,1024,0,Windows,64,8,Casual,1,No,No,159990,4,17,2
ASUS,AMD,Ryzen 7,,4,DDR4,1024,0,Windows,64,0,Casual,1,No,Yes,76990,3,0,0
Lenovo,AMD,Ryzen 7,,4,DDR4,1024,0,Windows,64,6,Casual,1,No,Yes,130990,3,0,0
ASUS,AMD,Ryzen 7,,4,DDR4,1024,0,Windows,64,0,Casual,1,No,No,99990,3,0,0
ASUS,AMD,Ryzen 7,,4,DDR5,1024,0,Windows,64,4,Casual,0,No,No,112990,3,0,0
Lenovo,AMD,Ryzen 7,,4,DDR4,1024,0,Windows,64,0,Casual,1,No,Yes,77988,3,0,0
ASUS,AMD,Ryzen 7,,4,DDR4,1024,0,Windows,64,0,Casual,1,No,Yes,76000,5,1,1
ASUS,AMD,Ryzen 7,,4,LPDDR4X,1024,0,Windows,64,4,Casual,1,Yes,No,99990,4,77,15
ASUS,AMD,Ryzen 7,,4,DDR4,1024,0,Windows,64,0,Casual,1,No,No,111000,3,0,0
ASUS,AMD,Ryzen 7,,16,LPDDR4X,1024,0,Windows,64,0,ThinNlight,1,No,Yes,84970,3,2,1
HP,AMD,Ryzen 7,,16,DDR4,256,1024,Windows,64,4,Gaming,1,No,Yes,75990,4,1084,123
acer,AMD,Ryzen 7,,16,DDR4,256,1024,Windows,64,6,Casual,1,No,No,89990,4,272,36
acer,AMD,Ryzen 7,,16,DDR4,256,1024,Windows,64,4,Casual,0,No,No,81990,4,141,24
Lenovo,AMD,Ryzen 7,,4,DDR4,512,1024,Windows,32,0,Casual,0,No,No,80490,3,0,0
ASUS,AMD,Ryzen 9,,16,DDR4,1024,0,Windows,64,6,Casual,1,No,No,135990,3,0,0
ASUS,AMD,Ryzen 9,,16,DDR4,1024,0,Windows,32,0,Casual,1,No,No,154990,4,194,42
ASUS,AMD,Ryzen 9,,16,DDR4,1024,0,Windows,64,8,Casual,1,No,Yes,199990,4,9,2
ASUS,AMD,Ryzen 9,,16,DDR4,1024,0,Windows,64,4,Casual,0,No,No,114990,4,28,4
ASUS,AMD,Ryzen 9,,16,DDR4,1024,0,Windows,64,6,Casual,1,No,Yes,129990,4,204,35
ASUS,AMD,Ryzen 9,,16,LPDDR4X,1024,0,Windows,64,4,Casual,1,Yes,Yes,114990,4,32,6
MSI,AMD,Ryzen 9,,4,DDR4,1024,0,Windows,64,0,Casual,0,No,No,146990,3,0,0
ASUS,AMD,Ryzen 9,,4,DDR4,1024,0,Windows,64,0,Casual,1,No,No,104990,4,14,2
ASUS,AMD,Ryzen 9,,4,LPDDR4X,1024,0,Windows,64,4,Casual,1,Yes,No,114990,4,14,1
ASUS,AMD,Ryzen 9,,4,LPDDR4X,1024,0,Windows,64,4,Casual,1,Yes,Yes,124990,5,3,0
ASUS,AMD,Ryzen 9,,4,LPDDR4X,1024,0,Windows,64,0,Casual,0,Yes,No,134990,3,0,0
HP,AMD,Ryzen 9,,4,DDR4,1024,0,Windows,64,8,Casual,1,No,Yes,141990,3,0,0
ASUS,AMD,Ryzen 9,,4,DDR4,1024,0,Windows,64,0,Casual,1,No,No,129990,3,0,0
ASUS,AMD,Ryzen 9,,4,LPDDR4X,1024,0,Windows,64,4,Casual,1,Yes,Yes,142990,4,4,1
ASUS,AMD,Ryzen 9,,4,DDR4,1024,0,Windows,64,0,Casual,1,No,No,121990,3,0,0
ASUS,AMD,Ryzen 9,,4,LPDDR4X,1024,0,Windows,64,4,Casual,1,Yes,Yes,124990,4,44,12
ASUS,AMD,Ryzen 9,,4,DDR4,1024,0,Windows,64,6,Casual,0,No,No,141990,4,61,13
ASUS,AMD,Ryzen 9,,4,DDR4,1024,0,Windows,64,4,Casual,1,No,No,162990,3,0,0
ASUS,AMD,Ryzen 9,,4,DDR4,1024,0,Windows,64,0,Casual,1,No,No,130500,3,0,0
ASUS,AMD,Ryzen 9,,4,DDR4,1024,0,Windows,64,4,Casual,0,No,No,116990,3,0,0
ASUS,AMD,Ryzen 9,,4,DDR4,1024,0,Windows,32,6,Casual,0,No,No,138990,3,0,0
ASUS,AMD,Ryzen 9,,4,LPDDR4X,1024,0,Windows,64,4,Casual,1,Yes,Yes,234990,3,0,0
ASUS,AMD,Ryzen 9,,4,DDR4,1024,0,Windows,64,0,Casual,1,No,No,135990,3,0,0
ASUS,AMD,Ryzen 9,,4,DDR4,1024,0,Windows,64,0,Casual,1,No,No,144990,3,0,0
ASUS,AMD,Ryzen 9,,4,DDR4,1024,0,Windows,64,4,Casual,1,No,No,149990,3,0,0
ASUS,AMD,Ryzen 9,,4,DDR4,1024,0,Windows,64,4,Casual,1,No,No,142990,3,0,0
Lenovo,AMD,Ryzen 5,10.0,8,DDR4,512,0,DOS,64,0,ThinNlight,0,No,No,57490,4,18,4
