processor_gnrtn,ram_gb,ssd,hdd,os_bit,graphic_card_gb,warranty,Price,rating,Number of Ratings,Number of Reviews,processor_brand_Intel,processor_brand_M1,os_Mac,os_Windows,weight_Gaming,weight_ThinNlight,Touchscreen_Yes,msoffice_Yes,brand,processor_name,ram_type
11.0,16,512,0,64,0,1,3563.46,3,0,0,True,False,False,True,False,False,False,False,4286.282336192113,4093.8248245974155,3886.8542226148415
,4,512,0,64,0,1,2429.46,4,313,39,False,False,False,True,False,False,False,False,4023.2208195732223,3348.585844303271,3886.8542226148415
,4,512,0,32,4,0,3909.6,3,0,0,False,False,False,True,False,False,False,False,4286.282336192113,4721.051851405187,3886.8542226148415
10.0,8,0,1024,64,2,0,4535.46,3,0,0,True,False,False,True,False,False,False,False,4286.282336192113,4093.8248245974155,3886.8542226148415
11.0,8,512,0,32,0,1,3941.46,4,76,14,True,False,False,True,False,False,False,True,4286.282336192113,4093.8248245974155,5584.356976452875
10.0,8,512,0,64,0,0,4589.46,3,0,0,True,False,False,True,False,False,False,False,4286.282336192113,4093.8248245974155,5102.727054802042
10.0,4,256,0,64,0,1,2159.46,4,44,2,True,False,False,True,False,True,False,False,3334.394345729281,2297.5713661474792,3886.8542226148415
10.0,4,0,1024,32,0,0,1921.86,3,12,1,True,False,False,True,False,True,False,False,4286.282336192113,2297.5713661474792,3886.8542226148415
11.0,8,512,0,64,6,1,4805.46,3,0,0,True,False,False,True,False,False,False,False,4286.282336192113,4093.8248245974155,3886.8542226148415
10.0,8,512,0,64,0,1,2699.46,3,0,0,True,False,False,True,False,True,False,False,3897.8312317176433,4093.8248245974155,3886.8542226148415
,8,0,1024,64,0,1,1943.46,4,59,12,False,False,False,True,False,True,False,True,3334.394345729281,3073.353869519215,3886.8542226148415
11.0,8,512,0,64,0,1,4211.46,4,31,5,True,False,False,True,False,False,True,True,3334.394345729281,4093.8248245974155,3886.8542226148415
10.0,8,0,512,32,0,0,5086.26,4,31,6,True,False,False,False,False,False,False,False,4023.2208195732223,4093.8248245974155,4368.059535501012
9.0,8,256,1024,64,4,0,2942.46,4,343,47,True,False,False,True,True,False,False,False,4286.282336192113,4093.8248245974155,3886.8542226148415
10.0,8,0,512,32,4,0,5917.86,4,5,2,True,False,False,False,False,False,False,False,5077.412051365493,4093.8248245974155,4368.059535501012
11.0,8,0,1024,64,0,0,2278.26,3,250,21,True,False,False,True,False,True,False,False,3334.394345729281,2297.5713661474792,3886.8542226148415
8.0,8,512,0,64,0,0,2429.46,3,17,3,True,False,False,True,False,True,False,False,3944.7561169073256,4093.8248245974155,3886.8542226148415
10.0,8,512,0,64,2,1,4697.95,4,3,0,True,False,False,True,False,False,True,True,3897.8312317176433,4093.8248245974155,3886.8542226148415
11.0,16,512,0,64,4,0,5129.46,4,118,15,True,False,False,True,True,False,False,False,4286.282336192113,6384.654678936433,3886.8542226148415
10.0,4,256,0,64,0,0,1970.46,3,0,0,True,False,False,True,False,True,False,False,3897.8312317176433,2297.5713661474792,3886.8542226148415
10.0,8,0,1024,32,0,1,2634.66,3,11,1,True,False,False,True,False,False,False,True,3898.3903195266953,4093.8248245974155,3886.8542226148415
10.0,16,1024,0,64,0,1,12203.46,4,42,8,False,True,True,False,False,False,False,False,6347.897611948667,5945.3868836516585,3886.8542226148415
8.0,8,512,0,64,0,0,3945.4,3,17,3,True,False,False,True,False,True,False,False,3944.7561169073256,4093.8248245974155,3886.8542226148415
11.0,16,1024,0,64,0,1,8910.0,3,0,0,True,False,False,True,False,False,True,False,3898.3903195266953,6384.654678936433,5584.356976452875
,4,512,0,64,0,0,3509.46,3,0,0,False,False,False,True,False,False,False,False,5077.412051365493,4721.051851405187,3886.8542226148415
,16,512,0,64,0,1,3645.0,4,196,19,False,False,False,True,False,True,False,True,3898.3903195266953,3348.585844303271,3886.8542226148415
11.0,8,512,0,64,0,1,4023.0,4,45,5,True,False,False,True,False,False,True,True,3334.394345729281,4093.8248245974155,3886.8542226148415
11.0,16,1024,0,64,4,0,6587.46,3,0,0,True,False,False,True,False,False,False,False,3898.3903195266953,6384.654678936433,3886.8542226148415
10.0,4,256,0,64,0,1,1943.46,3,0,0,True,False,False,True,False,False,False,False,4286.282336192113,2297.5713661474792,3886.8542226148415
10.0,16,1024,0,64,6,1,14579.46,4,8,1,True,False,False,True,False,False,True,False,4286.282336192113,5925.627502540141,3886.8542226148415
,4,512,0,32,4,3,4400.46,3,0,0,True,False,False,True,False,False,False,True,3897.8312317176433,4721.051851405187,3886.8542226148415
10.0,16,256,0,64,0,1,5669.46,4,45,4,False,True,True,False,False,False,False,False,6347.897611948667,5945.3868836516585,3886.8542226148415
11.0,16,512,0,64,6,1,4481.46,4,262,31,True,False,False,True,False,False,False,True,4286.282336192113,4093.8248245974155,3886.8542226148415
,8,512,0,64,4,1,3941.46,4,16,4,False,False,False,True,False,False,False,True,3898.3903195266953,3348.585844303271,3886.8542226148415
,16,512,0,64,2,1,3455.46,4,90,13,False,False,False,True,False,False,False,True,3898.3903195266953,3348.585844303271,3886.8542226148415
8.0,8,512,0,64,2,1,3239.95,4,22,3,True,False,False,True,False,False,False,True,3897.8312317176433,4093.8248245974155,3886.8542226148415
10.0,16,512,0,64,4,1,4319.46,3,0,0,True,False,False,True,False,False,False,False,3334.394345729281,4093.8248245974155,3886.8542226148415
8.0,8,256,0,64,0,1,4427.89,4,14,3,True,False,False,True,False,True,True,True,4023.2208195732223,4093.8248245974155,4410.68310640088
,4,1024,0,64,0,1,5669.46,4,14,2,False,False,False,True,False,False,False,False,4286.282336192113,5895.372838905774,3886.8542226148415
,16,512,0,64,4,1,4319.46,3,0,0,False,False,False,True,False,False,False,False,4286.282336192113,4721.051851405187,3886.8542226148415
11.0,8,512,0,64,0,1,2321.46,4,30,4,True,False,False,True,False,False,False,False,4286.282336192113,2297.5713661474792,3886.8542226148415
,4,512,0,32,0,0,2828.52,3,0,0,False,False,False,True,False,False,False,False,3898.3903195266953,3348.585844303271,3886.8542226148415
11.0,4,256,1024,64,0,1,2375.46,3,0,0,True,False,False,True,False,True,False,True,3334.394345729281,2297.5713661474792,3886.8542226148415
,4,256,0,64,0,1,1781.46,4,7,1,True,False,False,True,False,True,False,True,4286.282336192113,3555.7215701127607,3886.8542226148415
,4,512,0,64,0,0,1889.46,3,0,0,False,False,False,True,False,False,False,False,4023.2208195732223,3073.353869519215,3886.8542226148415
,8,256,0,64,0,1,1943.46,4,2886,375,False,False,False,True,False,True,False,False,4286.282336192113,3073.353869519215,3886.8542226148415
7.0,8,0,1024,64,2,0,2661.07,4,38,3,True,False,False,True,False,False,False,False,3898.3903195266953,2297.5713661474792,3886.8542226148415
10.0,4,256,0,64,0,2,2159.95,3,0,0,True,False,False,True,False,False,False,True,3897.8312317176433,2297.5713661474792,3886.8542226148415
11.0,8,512,0,64,0,1,3779.46,4,10,2,True,False,False,True,False,True,False,True,3897.8312317176433,4093.8248245974155,3886.8542226148415
10.0,8,0,1024,64,0,1,1943.46,4,2124,233,True,False,False,True,False,True,False,True,3897.8312317176433,2297.5713661474792,3886.8542226148415
10.0,4,256,0,64,0,1,2132.46,4,634,64,True,False,False,True,False,False,False,True,3334.394345729281,2297.5713661474792,3886.8542226148415
10.0,4,256,0,32,0,0,2159.46,3,0,0,True,False,False,True,False,False,False,False,4286.282336192113,2297.5713661474792,3886.8542226148415
11.0,8,512,0,64,0,1,3023.95,4,6,0,True,False,False,True,False,True,False,False,4023.2208195732223,4093.8248245974155,3886.8542226148415
11.0,8,512,0,64,2,1,4319.46,4,5,0,True,False,False,True,False,False,True,True,3334.394345729281,4093.8248245974155,3886.8542226148415
10.0,8,512,0,64,2,1,3823.09,4,21,3,True,False,False,True,False,False,False,True,3897.8312317176433,4093.8248245974155,5584.356976452875
11.0,8,512,0,32,0,1,3239.95,4,4,1,True,False,False,True,False,True,False,True,3898.3903195266953,4093.8248245974155,3886.8542226148415
11.0,8,0,1024,64,0,1,2359.26,4,4999,490,True,False,False,True,False,True,False,True,3898.3903195266953,2297.5713661474792,3886.8542226148415
11.0,8,256,0,64,0,1,2619.0,3,0,0,True,False,False,True,False,False,False,False,3334.394345729281,2297.5713661474792,3886.8542226148415
10.0,8,0,1024,64,0,0,1781.46,2,12,0,True,False,False,True,False,False,False,False,4286.282336192113,2297.5713661474792,3886.8542226148415
11.0,8,0,1024,32,0,0,2239.92,3,25,4,True,False,False,True,False,False,False,False,3334.394345729281,2297.5713661474792,3886.8542226148415
11.0,8,256,0,64,0,1,2159.46,4,273,30,True,False,False,True,False,True,False,True,3898.3903195266953,2297.5713661474792,3886.8542226148415
10.0,8,0,1024,64,0,1,2537.46,4,1444,179,True,False,False,True,False,True,False,False,4286.282336192113,4093.8248245974155,3886.8542226148415
,4,0,512,64,0,0,1403.46,3,84,16,True,False,False,True,False,False,False,False,3897.8312317176433,2656.9791264747573,5584.356976452875
10.0,16,1024,0,64,0,1,9719.46,4,13,5,True,False,False,True,False,False,True,False,3898.3903195266953,6384.654678936433,3886.8542226148415
11.0,16,1024,0,64,2,1,5669.46,3,0,0,True,False,False,True,False,False,True,True,4286.282336192113,6384.654678936433,5584.356976452875
,4,0,1024,64,0,1,2375.46,3,0,0,False,False,False,True,False,False,False,False,3334.394345729281,3073.353869519215,3886.8542226148415
10.0,4,0,1024,64,0,1,1943.46,3,17,0,True,False,False,True,False,False,False,False,4286.282336192113,2297.5713661474792,3886.8542226148415
8.0,8,0,1024,64,0,0,4427.46,3,0,0,True,False,False,True,False,True,False,False,4286.282336192113,4093.8248245974155,3886.8542226148415
11.0,8,512,0,64,0,1,3294.0,4,1124,100,True,False,False,True,False,True,False,True,3898.3903195266953,4093.8248245974155,3886.8542226148415
11.0,8,0,1024,64,0,1,2100.6,3,13,0,True,False,False,True,False,False,False,False,4286.282336192113,2297.5713661474792,3886.8542226148415
10.0,16,512,0,64,4,2,4319.46,4,484,56,True,False,False,True,False,False,False,False,5077.412051365493,6384.654678936433,3886.8542226148415
,4,0,512,32,0,0,1187.46,3,31,3,True,False,False,True,False,False,False,False,4286.282336192113,2656.9791264747573,3886.8542226148415
11.0,16,1024,0,64,0,0,5399.46,3,0,0,True,False,False,True,False,True,False,False,4286.282336192113,6384.654678936433,5584.356976452875
10.0,8,0,512,32,4,0,4697.46,4,218,27,True,False,False,False,False,False,False,False,5077.412051365493,4093.8248245974155,4368.059535501012
10.0,8,512,0,64,4,1,3563.46,4,3850,378,True,False,False,True,True,False,False,True,4286.282336192113,4093.8248245974155,3886.8542226148415
,4,0,1024,64,0,1,1777.52,4,353,58,False,False,False,True,False,False,False,False,3898.3903195266953,3073.353869519215,3886.8542226148415
10.0,4,256,0,32,0,0,2267.46,3,3,0,True,False,False,True,False,False,False,False,3897.8312317176433,2297.5713661474792,3886.8542226148415
,4,1024,0,64,0,0,7289.46,3,0,0,False,False,False,True,False,False,True,False,4286.282336192113,5895.372838905774,5584.356976452875
,4,512,0,64,0,1,3699.0,4,134,22,False,False,False,True,False,True,False,True,3898.3903195266953,4721.051851405187,3886.8542226148415
,8,256,0,64,0,1,1781.46,4,77,9,True,False,False,True,False,True,False,True,3898.3903195266953,3555.7215701127607,3886.8542226148415
11.0,4,0,1024,64,0,1,2267.46,4,69,5,True,False,False,True,False,True,False,True,3898.3903195266953,2297.5713661474792,3886.8542226148415
8.0,16,128,1024,64,4,1,6314.81,3,0,0,True,False,False,True,False,False,False,False,3898.3903195266953,6384.654678936433,3886.8542226148415
10.0,8,512,0,64,4,2,3239.46,4,1597,228,True,False,False,True,False,False,False,False,5077.412051365493,4093.8248245974155,3886.8542226148415
11.0,16,512,0,64,0,1,3364.2,4,825,95,True,False,False,True,False,True,False,True,3897.8312317176433,4093.8248245974155,3886.8542226148415
11.0,16,256,1024,64,0,0,3185.46,4,6,1,True,False,False,True,False,True,False,False,4286.282336192113,4093.8248245974155,3886.8542226148415
11.0,8,512,0,64,0,0,3131.46,3,0,0,True,False,False,True,False,True,False,False,4286.282336192113,4093.8248245974155,3886.8542226148415
11.0,8,0,1024,64,0,0,2294.46,4,276,40,True,False,False,True,False,True,False,False,3334.394345729281,2297.5713661474792,3886.8542226148415
7.0,8,512,0,64,0,0,3540.02,3,0,0,True,False,False,True,False,True,False,False,3944.7561169073256,4093.8248245974155,3886.8542226148415
,4,512,0,64,0,1,3131.95,4,44,5,False,False,False,True,False,True,False,True,3898.3903195266953,4721.051851405187,3886.8542226148415
11.0,16,256,1024,64,0,1,3509.46,4,10,1,True,False,False,True,False,False,False,False,4286.282336192113,4093.8248245974155,3886.8542226148415
,16,512,0,64,0,1,3963.6,3,0,0,False,False,False,True,False,False,False,False,3897.8312317176433,4721.051851405187,3886.8542226148415
8.0,8,0,1024,64,2,1,3940.06,4,18,6,True,False,False,True,False,False,False,False,4023.2208195732223,4093.8248245974155,3886.8542226148415
11.0,8,256,0,64,0,1,2915.46,4,299,41,True,False,False,True,False,False,True,True,3897.8312317176433,2297.5713661474792,3886.8542226148415
10.0,16,1024,0,32,8,0,14363.89,3,0,0,True,False,False,True,False,False,False,False,3897.8312317176433,5925.627502540141,3886.8542226148415
11.0,8,512,0,64,0,1,3282.66,4,10,1,True,False,False,True,False,False,True,False,3334.394345729281,2297.5713661474792,3886.8542226148415
10.0,8,512,0,64,0,1,3023.95,3,0,0,True,False,False,True,False,False,False,True,3897.8312317176433,4093.8248245974155,3886.8542226148415
10.0,8,256,0,32,0,0,2104.38,3,0,0,True,False,False,True,False,False,False,False,3897.8312317176433,2297.5713661474792,3886.8542226148415
11.0,8,256,1024,64,0,1,2699.46,3,22,2,True,False,False,True,False,False,False,False,4286.282336192113,4093.8248245974155,3886.8542226148415
11.0,8,512,0,64,0,1,5723.46,4,59,11,True,False,False,True,False,False,True,False,4286.282336192113,4093.8248245974155,5584.356976452875
4.0,8,0,1024,64,0,0,2834.46,3,78,17,True,False,False,True,False,False,False,False,3897.8312317176433,4093.8248245974155,4410.68310640088
11.0,4,256,0,64,0,0,1859.17,4,37,6,True,False,False,True,False,True,False,False,4286.282336192113,2297.5713661474792,3886.8542226148415
,8,256,1024,32,0,1,2969.46,4,474,65,False,False,False,True,False,False,False,True,4286.282336192113,3348.585844303271,3886.8542226148415
11.0,8,512,0,64,0,1,6209.95,3,0,0,True,False,False,True,False,True,True,True,3898.3903195266953,4093.8248245974155,3886.8542226148415
11.0,8,512,0,64,0,1,6209.46,3,0,0,True,False,False,True,False,False,True,False,4286.282336192113,4093.8248245974155,5584.356976452875
11.0,8,256,0,64,0,1,2267.46,4,1084,160,True,False,False,True,False,True,False,True,3897.8312317176433,2297.5713661474792,3886.8542226148415
,8,256,1024,64,4,0,3699.0,4,271,24,False,False,False,True,False,False,False,False,3897.8312317176433,3348.585844303271,3886.8542226148415
,4,512,0,64,4,1,4913.46,4,273,40,False,False,False,True,False,False,False,False,3898.3903195266953,4721.051851405187,3886.8542226148415
11.0,8,512,0,64,0,1,3023.46,3,0,0,True,False,False,True,False,True,False,False,3897.8312317176433,4093.8248245974155,3886.8542226148415
11.0,16,512,0,64,0,1,4859.46,3,0,0,True,False,False,True,False,False,False,False,5077.412051365493,6384.654678936433,5584.356976452875
11.0,16,1024,0,64,2,1,5129.46,3,0,0,True,False,False,True,False,False,False,True,3898.3903195266953,6384.654678936433,3886.8542226148415
10.0,8,512,0,32,2,2,3185.95,4,45,3,True,False,False,True,False,False,False,True,3897.8312317176433,4093.8248245974155,3886.8542226148415
11.0,8,512,0,64,0,0,3239.46,3,31,7,True,False,False,True,False,True,False,False,3334.394345729281,4093.8248245974155,3886.8542226148415
,8,256,0,64,0,0,1754.46,4,58,6,True,False,False,True,False,True,False,False,3898.3903195266953,2656.9791264747573,3886.8542226148415
10.0,8,256,0,64,0,1,4643.46,4,6725,629,False,True,True,False,False,False,False,False,6347.897611948667,5945.3868836516585,3886.8542226148415
8.0,8,512,0,64,0,1,4427.46,4,40,4,True,False,False,True,False,True,False,False,4286.282336192113,6384.654678936433,5102.727054802042
11.0,8,256,0,64,0,0,2645.46,3,0,0,True,False,False,True,False,False,False,False,4286.282336192113,2297.5713661474792,3886.8542226148415
10.0,4,256,0,64,0,1,2170.8,3,48,1,True,False,False,True,False,False,False,True,3897.8312317176433,2297.5713661474792,3886.8542226148415
,4,1024,0,64,6,1,7073.46,3,0,0,False,False,False,True,False,False,False,True,3897.8312317176433,4721.051851405187,3886.8542226148415
10.0,8,512,0,64,0,1,4319.46,4,11,3,True,False,False,True,False,False,False,True,4286.282336192113,4093.8248245974155,5102.727054802042
10.0,16,1024,0,64,8,0,12689.46,3,0,0,True,False,False,True,False,False,False,False,4286.282336192113,6384.654678936433,3886.8542226148415
,4,1024,0,64,0,1,5399.46,3,0,0,False,False,False,True,False,False,False,False,4286.282336192113,4721.051851405187,3886.8542226148415
11.0,4,256,1024,64,0,1,2353.86,3,0,0,True,False,False,True,False,True,False,True,3334.394345729281,2297.5713661474792,3886.8542226148415
8.0,8,0,1024,64,0,1,3326.24,3,0,0,True,False,False,True,False,True,False,False,4023.2208195732223,4093.8248245974155,3886.8542226148415
10.0,16,512,0,64,0,0,11434.66,3,0,0,True,False,False,True,False,True,False,False,3897.8312317176433,6384.654678936433,5102.727054802042
11.0,16,512,0,64,0,0,3347.46,4,56,7,True,False,False,True,False,True,False,False,3897.8312317176433,4093.8248245974155,3886.8542226148415
11.0,16,1024,0,64,4,0,5345.46,4,445,56,True,False,False,True,True,False,False,False,4286.282336192113,6384.654678936433,3886.8542226148415
8.0,8,256,0,64,0,0,3995.46,3,0,0,True,False,False,True,False,True,False,False,3944.7561169073256,6384.654678936433,3886.8542226148415
11.0,8,512,0,64,0,2,3401.89,4,739,71,True,False,False,True,False,False,False,True,3897.8312317176433,4093.8248245974155,3886.8542226148415
11.0,8,512,0,64,0,0,3936.6,3,24,4,True,False,False,True,False,True,False,False,3334.394345729281,4093.8248245974155,3886.8542226148415
11.0,16,256,1024,64,0,1,3509.46,4,328,51,True,False,False,True,False,False,False,True,4286.282336192113,4093.8248245974155,3886.8542226148415
,4,512,0,64,0,1,3455.46,4,105,10,False,False,False,True,False,False,False,True,3897.8312317176433,4721.051851405187,3886.8542226148415
11.0,8,256,1024,64,0,0,2213.46,4,38,2,True,False,False,True,False,False,False,False,4023.2208195732223,2297.5713661474792,3886.8542226148415
,4,1024,0,64,4,1,5399.46,4,77,15,False,False,False,True,False,False,True,False,4286.282336192113,4721.051851405187,5584.356976452875
11.0,8,512,0,64,0,1,5399.46,3,0,0,True,False,False,True,False,False,True,False,4286.282336192113,4093.8248245974155,5584.356976452875
,4,0,512,32,0,0,1160.46,3,818,113,True,False,False,True,False,False,False,False,4286.282336192113,2656.9791264747573,4368.059535501012
11.0,8,512,0,64,2,1,3466.26,3,0,0,True,False,False,True,False,False,False,True,3334.394345729281,4093.8248245974155,3886.8542226148415
9.0,8,512,0,64,4,2,3617.46,4,1639,230,True,False,False,True,False,False,False,False,5077.412051365493,6384.654678936433,3886.8542226148415
,4,0,1024,64,4,1,3239.46,4,1480,151,False,False,False,True,True,False,False,False,3898.3903195266953,3348.585844303271,3886.8542226148415
11.0,4,256,0,32,0,0,2618.46,3,0,0,True,False,False,True,False,False,False,False,4286.282336192113,2297.5713661474792,3886.8542226148415
10.0,16,512,0,64,0,1,3131.46,4,76,9,True,False,False,True,False,False,False,False,4286.282336192113,6384.654678936433,3886.8542226148415
,4,512,0,64,4,0,4130.89,3,0,0,False,False,False,True,False,False,False,False,3897.8312317176433,3348.585844303271,3886.8542226148415
11.0,8,512,0,64,0,1,2429.46,4,2058,305,True,False,False,True,False,False,False,True,4286.282336192113,2297.5713661474792,3886.8542226148415
11.0,4,512,0,64,0,1,2456.46,4,523,66,True,False,False,True,False,True,False,True,3898.3903195266953,2297.5713661474792,3886.8542226148415
11.0,8,512,0,64,4,0,4049.46,3,0,0,True,False,False,True,False,False,False,False,5077.412051365493,4093.8248245974155,3886.8542226148415
11.0,8,512,0,64,0,1,2645.46,4,174,30,True,False,False,True,False,False,False,False,4286.282336192113,2297.5713661474792,3886.8542226148415
8.0,8,0,1024,64,4,1,3077.46,4,21,5,True,False,False,True,False,False,False,False,3897.8312317176433,4093.8248245974155,3886.8542226148415
10.0,4,512,0,64,0,1,1943.46,4,130,12,True,False,False,True,False,False,False,False,4286.282336192113,2297.5713661474792,3886.8542226148415
10.0,8,256,1024,64,4,0,3023.46,4,23,0,True,False,False,True,True,False,False,False,4286.282336192113,4093.8248245974155,3886.8542226148415
,4,512,0,64,0,1,3455.46,4,77,7,False,False,False,True,False,False,False,False,4286.282336192113,4721.051851405187,3886.8542226148415
,4,512,0,64,0,3,4265.35,3,0,0,False,False,False,True,False,False,True,True,3897.8312317176433,4721.051851405187,3886.8542226148415
11.0,16,1024,0,64,4,0,6317.46,3,0,0,True,False,False,True,False,False,False,False,3898.3903195266953,6384.654678936433,3886.8542226148415
8.0,16,512,0,64,0,1,4644.0,3,0,0,True,False,False,True,False,True,False,True,3897.8312317176433,6384.654678936433,3886.8542226148415
11.0,16,1024,0,64,0,1,6939.0,3,3,1,True,False,False,True,False,False,True,True,3898.3903195266953,6384.654678936433,5584.356976452875
10.0,4,0,512,32,4,0,3941.46,4,425,67,False,False,False,True,False,False,False,False,4023.2208195732223,3348.585844303271,3886.8542226148415
11.0,8,512,0,64,0,0,5939.95,3,0,0,True,False,False,True,False,True,True,False,4023.2208195732223,4093.8248245974155,3886.8542226148415
10.0,4,256,0,64,0,2,2102.76,4,758,64,True,False,False,True,False,False,False,False,3897.8312317176433,2297.5713661474792,3886.8542226148415
11.0,8,256,0,64,0,0,1997.46,4,20,1,True,False,False,True,False,True,False,False,4286.282336192113,2297.5713661474792,3886.8542226148415
,4,0,512,32,0,0,1295.46,4,974,170,True,False,False,True,False,False,False,False,4286.282336192113,2656.9791264747573,4368.059535501012
,4,512,0,64,0,1,4077.0,3,0,0,False,False,False,True,False,False,True,True,3334.394345729281,3348.585844303271,3886.8542226148415
11.0,16,512,0,64,4,1,5032.26,5,4,0,True,False,False,True,False,False,False,True,3898.3903195266953,6384.654678936433,3886.8542226148415
,4,256,0,64,0,1,1944.0,4,102,16,True,False,False,True,False,True,False,False,3334.394345729281,3555.7215701127607,3886.8542226148415
8.0,8,0,1024,64,2,1,3347.46,4,73,21,True,False,False,True,False,True,False,False,4023.2208195732223,4093.8248245974155,3886.8542226148415
11.0,4,256,1024,64,0,1,2353.86,3,0,0,True,False,False,True,False,True,False,True,3334.394345729281,2297.5713661474792,3886.8542226148415
11.0,16,1024,0,64,4,2,8369.46,4,3,2,True,False,False,True,False,False,True,False,5077.412051365493,6384.654678936433,3886.8542226148415
,8,512,0,64,4,1,3185.46,4,1049,134,False,False,False,True,False,False,False,False,3898.3903195266953,3348.585844303271,3886.8542226148415
11.0,8,256,1024,64,0,1,2645.46,4,724,92,True,False,False,True,False,True,False,False,3334.394345729281,2297.5713661474792,3886.8542226148415
10.0,16,1024,0,64,0,0,6479.46,2,2,1,True,False,False,True,False,True,False,False,3897.8312317176433,6384.654678936433,5584.356976452875
,8,512,0,64,4,1,3239.46,4,1978,188,False,False,False,True,False,False,False,False,3898.3903195266953,3348.585844303271,3886.8542226148415
11.0,8,512,0,64,0,1,3293.46,4,17,1,True,False,False,True,False,True,False,True,4023.2208195732223,4093.8248245974155,5584.356976452875
11.0,16,512,0,64,2,0,4157.46,3,0,0,True,False,False,True,False,False,False,False,5077.412051365493,6384.654678936433,3886.8542226148415
10.0,8,512,0,64,4,0,3347.46,4,11,2,True,False,False,True,True,False,False,False,4286.282336192113,6384.654678936433,3886.8542226148415
11.0,8,256,0,64,0,1,3050.46,3,0,0,True,False,False,True,False,False,True,False,3898.3903195266953,2297.5713661474792,3886.8542226148415
10.0,8,512,0,32,2,0,3779.46,3,0,0,True,False,False,True,False,False,False,False,4286.282336192113,4093.8248245974155,3886.8542226148415
,8,512,0,64,0,1,2645.46,4,45,5,False,False,False,True,False,True,False,True,3898.3903195266953,3348.585844303271,3886.8542226148415
11.0,16,512,0,64,0,1,3617.95,4,17,1,True,False,False,True,False,True,False,True,3898.3903195266953,4093.8248245974155,3886.8542226148415
10.0,8,1024,0,64,0,1,8099.46,4,640,70,False,True,True,False,False,False,False,False,6347.897611948667,5945.3868836516585,3886.8542226148415
10.0,16,1024,0,64,0,0,9071.46,3,0,0,True,False,False,True,False,False,False,False,4286.282336192113,6384.654678936433,5102.727054802042
11.0,8,512,0,64,2,0,4859.89,3,0,0,True,False,False,True,False,False,False,False,3897.8312317176433,4093.8248245974155,3886.8542226148415
,8,512,0,64,4,1,3509.46,3,8,1,False,False,False,True,True,False,False,True,3898.3903195266953,3348.585844303271,3886.8542226148415
8.0,8,256,0,64,0,0,3995.46,3,0,0,True,False,False,True,False,True,False,False,3944.7561169073256,6384.654678936433,3886.8542226148415
10.0,8,0,512,32,8,0,11193.66,3,0,0,True,False,False,False,False,False,False,False,5077.412051365493,4093.8248245974155,4368.059535501012
10.0,8,512,0,64,4,1,4120.2,4,6,0,True,False,False,True,False,False,False,False,3334.394345729281,4093.8248245974155,3886.8542226148415
9.0,8,512,0,64,4,0,3239.46,3,9,1,True,False,False,True,False,False,False,False,3897.8312317176433,4093.8248245974155,3886.8542226148415
11.0,16,512,0,64,0,1,5616.0,3,0,0,True,False,False,True,False,False,True,True,3898.3903195266953,6384.654678936433,3886.8542226148415
10.0,4,0,512,32,4,0,3239.46,4,1946,240,False,False,False,True,False,False,False,False,4023.2208195732223,3348.585844303271,3886.8542226148415
11.0,16,512,0,64,0,0,3784.86,4,5,1,True,False,False,True,False,True,False,False,3334.394345729281,4093.8248245974155,3886.8542226148415
7.0,4,0,1024,64,0,0,1779.57,4,311,27,True,False,False,True,False,False,False,False,3898.3903195266953,2297.5713661474792,3886.8542226148415
11.0,8,512,0,64,0,1,2861.46,3,0,0,True,False,False,True,False,True,False,False,3897.8312317176433,4093.8248245974155,3886.8542226148415
,4,512,0,64,0,1,3293.46,4,530,69,False,False,False,True,False,False,False,True,3897.8312317176433,4721.051851405187,3886.8542226148415
,4,512,0,64,0,1,2888.46,4,826,118,False,False,False,True,False,True,False,True,3898.3903195266953,3348.585844303271,3886.8542226148415
,4,1024,0,64,8,1,7667.46,3,0,0,False,False,False,True,False,False,False,True,3898.3903195266953,5895.372838905774,3886.8542226148415
,8,512,0,64,0,1,3185.46,4,324,34,False,False,False,True,False,False,False,False,4286.282336192113,3348.585844303271,3886.8542226148415
11.0,8,512,0,64,0,1,3671.46,4,9,0,True,False,False,True,False,True,False,True,3897.8312317176433,4093.8248245974155,3886.8542226148415
,8,512,0,64,0,1,3131.95,4,86,15,False,False,False,True,False,True,False,True,3898.3903195266953,3348.585844303271,3886.8542226148415
10.0,8,0,512,32,4,0,5537.75,3,0,0,True,False,False,False,False,False,False,False,3898.3903195266953,4093.8248245974155,4368.059535501012
11.0,8,512,0,64,0,0,3882.06,4,3,0,True,False,False,True,False,False,True,False,3334.394345729281,4093.8248245974155,3886.8542226148415
11.0,8,512,0,64,0,1,2321.46,4,40,7,True,False,False,True,False,False,False,False,4286.282336192113,2297.5713661474792,3886.8542226148415
,16,1024,0,64,4,0,6209.46,4,28,4,False,False,False,True,False,False,False,False,4286.282336192113,5895.372838905774,3886.8542226148415
10.0,16,1024,0,64,2,1,6749.46,4,17,1,True,False,False,True,False,False,False,True,4286.282336192113,6384.654678936433,5102.727054802042
8.0,16,512,0,64,0,1,5399.46,4,30,7,True,False,False,True,False,True,False,False,4286.282336192113,6384.654678936433,4410.68310640088
11.0,8,512,0,64,0,1,3915.0,4,40,3,True,False,False,True,False,True,False,True,3898.3903195266953,4093.8248245974155,3886.8542226148415
10.0,4,256,1024,64,0,1,2391.66,3,0,0,True,False,False,True,False,True,False,True,3334.394345729281,2297.5713661474792,3886.8542226148415
,4,256,0,64,0,1,2699.46,3,0,0,False,False,False,True,False,False,False,False,5077.412051365493,3348.585844303271,3886.8542226148415
10.0,8,1024,0,64,4,0,4481.46,4,844,118,True,False,False,True,False,False,False,False,4286.282336192113,4093.8248245974155,3886.8542226148415
,4,0,512,32,0,0,1349.46,4,502,93,True,False,False,True,False,False,False,False,4286.282336192113,2656.9791264747573,4368.059535501012
11.0,4,256,0,64,0,1,2396.3,4,1090,96,True,False,False,True,False,True,False,True,3898.3903195266953,2297.5713661474792,3886.8542226148415
,4,1024,0,64,4,1,8801.46,3,0,0,False,False,False,True,False,False,False,False,4286.282336192113,5895.372838905774,3886.8542226148415
10.0,16,512,0,64,0,1,8801.46,3,3,1,True,False,False,True,False,False,True,False,3898.3903195266953,6384.654678936433,3886.8542226148415
10.0,8,512,0,64,0,0,3053.21,4,677,87,True,False,False,True,False,False,False,False,5077.412051365493,4093.8248245974155,3886.8542226148415
11.0,4,256,0,32,0,0,2267.46,3,0,0,True,False,False,True,False,False,False,False,4286.282336192113,2297.5713661474792,3886.8542226148415
11.0,16,512,0,32,0,0,6458.35,3,0,0,True,False,False,True,False,False,False,False,3898.3903195266953,6384.654678936433,3886.8542226148415
,4,0,512,64,0,0,1025.46,3,197,25,True,False,False,True,False,False,False,False,4286.282336192113,2656.9791264747573,4368.059535501012
10.0,8,512,0,64,4,1,3590.46,4,282,36,True,False,False,True,False,False,False,True,3897.8312317176433,4093.8248245974155,3886.8542226148415
10.0,16,512,0,64,0,1,5896.26,3,0,0,True,False,False,True,False,False,True,True,3334.394345729281,6384.654678936433,3886.8542226148415
11.0,8,512,0,64,0,0,3887.46,4,7,1,True,False,False,True,False,False,True,False,3334.394345729281,4093.8248245974155,3886.8542226148415
11.0,8,512,0,64,0,1,2321.46,4,681,59,True,False,False,True,False,True,False,True,3898.3903195266953,2297.5713661474792,3886.8542226148415
,4,1024,0,64,0,1,4157.46,3,0,0,False,False,False,True,False,False,False,True,4286.282336192113,4721.051851405187,3886.8542226148415
11.0,4,512,0,64,0,1,2789.05,3,0,0,True,False,False,True,False,False,False,True,4286.282336192113,2297.5713661474792,3886.8542226148415
10.0,4,512,0,64,0,1,2213.46,4,4008,519,True,False,False,True,False,False,False,False,4286.282336192113,2297.5713661474792,3886.8542226148415
,8,512,0,64,4,0,3212.46,4,92,10,False,False,False,True,True,False,False,False,3897.8312317176433,3348.585844303271,3886.8542226148415
11.0,8,512,0,64,0,3,3725.46,4,44,8,True,False,False,True,False,False,True,True,3897.8312317176433,4093.8248245974155,3886.8542226148415
11.0,16,512,0,64,0,0,3509.46,3,0,0,True,False,False,True,False,True,False,False,3897.8312317176433,4093.8248245974155,3886.8542226148415
10.0,4,0,1024,64,0,0,1871.05,2,3,0,True,False,False,True,False,False,False,False,4286.282336192113,2297.5713661474792,3886.8542226148415
,4,1024,0,64,0,1,7047.0,3,0,0,False,False,False,True,False,False,False,False,4286.282336192113,5895.372838905774,3886.8542226148415
11.0,16,1024,0,64,8,2,7019.46,4,14,3,True,False,False,True,False,False,False,False,5077.412051365493,6384.654678936433,3886.8542226148415
,4,512,0,64,0,1,4373.46,3,0,0,False,False,False,True,False,False,False,False,4286.282336192113,3348.585844303271,3886.8542226148415
8.0,8,256,0,64,0,0,3995.46,3,0,0,True,False,False,True,False,True,False,False,3944.7561169073256,6384.654678936433,3886.8542226148415
11.0,16,512,0,64,0,0,3239.46,3,3,0,True,False,False,True,False,True,False,False,4286.282336192113,4093.8248245974155,3886.8542226148415
,8,256,0,64,0,1,2159.46,4,7,0,False,False,False,True,False,True,False,False,3334.394345729281,3073.353869519215,3886.8542226148415
11.0,4,512,0,64,0,1,3740.42,3,0,0,True,False,False,True,False,False,True,True,3898.3903195266953,2297.5713661474792,3886.8542226148415
11.0,8,512,0,64,4,0,3887.46,4,91,17,True,False,False,True,True,False,False,False,4286.282336192113,4093.8248245974155,3886.8542226148415
11.0,16,256,1024,32,0,0,4455.0,3,0,0,True,False,False,True,False,True,False,False,4286.282336192113,6384.654678936433,3886.8542226148415
10.0,8,0,512,32,6,0,15724.26,4,7,3,True,False,False,False,False,False,False,False,5077.412051365493,4093.8248245974155,4368.059535501012
11.0,8,256,1024,64,0,1,3077.46,4,27,2,True,False,False,True,False,True,False,False,4023.2208195732223,4093.8248245974155,3886.8542226148415
11.0,16,512,0,64,0,1,3185.46,3,0,0,True,False,False,True,False,False,True,True,4286.282336192113,4093.8248245974155,3886.8542226148415
11.0,8,512,0,64,0,1,3509.46,4,125,11,True,False,False,True,False,False,False,True,3897.8312317176433,4093.8248245974155,3886.8542226148415
,8,0,1024,64,0,0,2159.46,3,18,4,False,False,False,True,False,True,False,False,3334.394345729281,3073.353869519215,3886.8542226148415
11.0,4,0,1024,64,0,1,2159.46,3,324,45,True,False,False,True,False,True,False,True,3898.3903195266953,2297.5713661474792,3886.8542226148415
,4,512,0,64,0,1,2699.46,4,47,6,False,False,False,True,False,False,False,False,4023.2208195732223,3348.585844303271,3886.8542226148415
11.0,16,512,0,64,0,0,5939.46,3,0,0,True,False,False,True,False,True,True,False,4286.282336192113,6384.654678936433,5584.356976452875
,4,512,0,64,4,0,5777.46,3,0,0,False,False,False,True,False,False,False,False,4286.282336192113,4721.051851405187,4554.905430033711
,4,512,0,32,4,0,4319.46,3,0,0,False,False,False,True,False,False,False,False,4286.282336192113,4721.051851405187,3886.8542226148415
11.0,8,512,0,64,0,1,7019.95,3,0,0,True,False,False,True,False,False,True,False,3898.3903195266953,4093.8248245974155,5584.356976452875
11.0,16,512,0,64,0,1,4827.06,3,0,0,True,False,False,True,False,False,True,True,3334.394345729281,4093.8248245974155,3886.8542226148415
10.0,16,256,1024,64,6,1,6479.46,4,2038,313,True,False,False,True,False,False,False,False,4023.2208195732223,6384.654678936433,3886.8542226148415
11.0,8,512,0,64,0,1,6209.46,3,0,0,True,False,False,True,False,True,False,True,3334.394345729281,4093.8248245974155,5584.356976452875
8.0,8,512,0,64,0,1,9292.86,4,108,13,True,False,True,False,False,False,False,False,6347.897611948667,4093.8248245974155,4410.68310640088
10.0,8,256,1024,64,4,0,4027.86,4,898,128,True,False,False,True,True,False,False,False,3897.8312317176433,4093.8248245974155,3886.8542226148415
10.0,8,256,0,64,0,2,2159.95,5,4,0,True,False,False,True,False,False,False,True,3897.8312317176433,2297.5713661474792,3886.8542226148415
11.0,8,512,0,64,0,0,4589.46,3,0,0,True,False,False,True,False,True,False,False,4286.282336192113,4093.8248245974155,5584.356976452875
11.0,8,512,0,64,2,0,3849.66,3,0,0,True,False,False,True,False,False,False,False,3334.394345729281,4093.8248245974155,3886.8542226148415
10.0,16,1024,0,64,6,1,7813.26,4,17,4,True,False,False,True,False,False,False,True,3898.3903195266953,6384.654678936433,3886.8542226148415
10.0,8,512,0,64,4,1,3455.46,3,0,0,True,False,False,True,True,False,False,False,4286.282336192113,4093.8248245974155,3886.8542226148415
,4,0,512,32,0,0,1349.46,2,70,16,True,False,False,True,False,False,False,False,3897.8312317176433,2656.9791264747573,4368.059535501012
10.0,8,512,0,64,0,0,3104.46,4,18,4,False,False,False,False,False,True,False,False,3897.8312317176433,3348.585844303271,3886.8542226148415
,16,512,0,64,0,0,3077.46,4,4,1,False,False,False,True,False,False,False,False,4286.282336192113,3348.585844303271,3886.8542226148415
11.0,8,512,0,64,0,1,2321.46,4,74,11,True,False,False,True,False,False,False,False,4286.282336192113,2297.5713661474792,3886.8542226148415
11.0,4,256,0,64,0,0,2399.06,3,0,0,True,False,False,True,False,True,False,False,3334.394345729281,2297.5713661474792,3886.8542226148415
,4,1024,0,64,4,0,6317.46,3,0,0,False,False,False,True,False,False,False,False,4286.282336192113,5895.372838905774,3886.8542226148415
11.0,16,512,0,32,0,0,5993.95,3,0,0,True,False,False,True,False,False,False,False,3897.8312317176433,6384.654678936433,3886.8542226148415
11.0,8,512,0,64,0,1,2969.46,4,35,3,True,False,False,True,False,False,False,True,3898.3903195266953,2297.5713661474792,3886.8542226148415
,16,1024,0,64,6,1,7019.46,4,204,35,False,False,False,True,False,False,False,True,4286.282336192113,5895.372838905774,3886.8542226148415
,4,256,1024,64,0,1,4055.4,3,0,0,False,False,False,True,False,True,False,True,4286.282336192113,3348.585844303271,3886.8542226148415
10.0,16,0,512,32,6,0,7910.46,3,2,1,True,False,False,False,False,False,False,False,4286.282336192113,6384.654678936433,5584.356976452875
11.0,8,256,1024,64,2,0,3590.46,3,6,1,True,False,False,True,False,False,False,False,3334.394345729281,4093.8248245974155,3886.8542226148415
10.0,4,256,1024,64,0,1,2413.26,4,9,0,True,False,False,True,False,False,False,False,3334.394345729281,2297.5713661474792,3886.8542226148415
11.0,8,512,0,64,2,1,3590.46,4,199,17,True,False,False,True,False,True,False,True,3334.394345729281,4093.8248245974155,3886.8542226148415
11.0,8,256,1024,32,0,1,2753.46,4,1188,127,True,False,False,True,False,False,False,True,4286.282336192113,4093.8248245974155,3886.8542226148415
11.0,16,512,0,64,4,1,5399.46,4,11,3,True,False,False,True,False,False,False,True,3897.8312317176433,6384.654678936433,3886.8542226148415
,16,256,1024,64,6,1,4859.46,4,272,36,False,False,False,True,False,False,False,False,4023.2208195732223,4721.051851405187,3886.8542226148415
10.0,4,0,1024,64,0,1,1970.46,3,1146,175,True,False,False,True,False,True,False,True,3898.3903195266953,2297.5713661474792,3886.8542226148415
11.0,4,512,0,64,0,1,2640.6,4,1278,135,True,False,False,True,False,True,False,True,3898.3903195266953,2297.5713661474792,3886.8542226148415
,8,512,0,64,0,0,2272.86,3,3,0,False,False,False,True,False,True,False,False,3334.394345729281,3073.353869519215,3886.8542226148415
,4,512,0,64,0,1,2835.0,4,741,67,False,False,False,True,False,True,False,True,3898.3903195266953,3348.585844303271,3886.8542226148415
11.0,4,256,1024,64,0,1,2645.95,3,0,0,True,False,False,True,False,False,False,False,3334.394345729281,2297.5713661474792,3886.8542226148415
,4,0,1024,64,0,0,1889.46,3,38,6,False,False,False,True,False,False,False,False,3897.8312317176433,3073.353869519215,3886.8542226148415
11.0,8,256,0,64,0,0,2267.46,4,216,21,True,False,False,True,False,True,False,False,3334.394345729281,2297.5713661474792,3886.8542226148415
8.0,8,256,0,64,0,0,3995.46,3,0,0,True,False,False,True,False,True,False,False,3944.7561169073256,6384.654678936433,3886.8542226148415
,4,1024,0,64,6,0,7667.46,4,61,13,False,False,False,True,False,False,False,False,4286.282336192113,5895.372838905774,3886.8542226148415
,8,512,0,64,0,1,2375.46,3,0,0,False,False,False,True,False,False,False,False,4023.2208195732223,3348.585844303271,3886.8542226148415
10.0,8,512,0,64,0,1,2969.46,4,714,147,True,False,False,True,False,False,False,False,5077.412051365493,4093.8248245974155,3886.8542226148415
10.0,8,512,0,64,4,0,3774.55,4,474,37,True,False,False,True,True,False,False,False,3897.8312317176433,4093.8248245974155,3886.8542226148415
,4,512,0,64,0,1,3239.46,3,0,0,False,False,False,True,False,True,False,False,4023.2208195732223,4721.051851405187,3886.8542226148415
10.0,4,0,1024,32,0,0,2208.06,4,527,46,True,False,False,True,False,False,False,False,3334.394345729281,2297.5713661474792,3886.8542226148415
8.0,8,512,0,32,6,0,8099.46,4,10,3,True,False,False,True,False,False,False,False,5077.412051365493,4093.8248245974155,4554.905430033711
10.0,4,0,1024,64,0,1,2159.46,3,15,1,True,False,False,True,False,True,False,False,3334.394345729281,2297.5713661474792,3886.8542226148415
8.0,8,512,0,64,0,0,3945.4,3,17,3,True,False,False,True,False,True,False,False,3944.7561169073256,4093.8248245974155,3886.8542226148415
11.0,16,512,0,64,0,1,3239.46,3,0,0,True,False,False,True,False,False,False,False,4286.282336192113,4093.8248245974155,3886.8542226148415
10.0,8,512,0,64,4,1,3509.46,4,4,0,True,False,False,True,True,False,False,False,4286.282336192113,4093.8248245974155,3886.8542226148415
,4,256,0,64,0,0,1717.15,3,0,0,True,False,False,True,False,True,False,False,3897.8312317176433,2656.9791264747573,3886.8542226148415
11.0,8,256,1024,64,0,0,2456.46,4,207,16,True,False,False,True,False,False,False,False,3334.394345729281,2297.5713661474792,3886.8542226148415
,8,512,0,64,0,1,2645.46,4,219,27,False,False,False,True,False,True,False,False,3897.8312317176433,3348.585844303271,3886.8542226148415
10.0,8,512,0,64,0,1,3050.46,4,814,112,True,False,False,True,False,False,False,False,5077.412051365493,4093.8248245974155,3886.8542226148415
11.0,8,512,0,64,2,1,4297.86,3,0,0,True,False,False,True,False,False,True,False,3334.394345729281,4093.8248245974155,3886.8542226148415
,4,512,0,64,4,1,5777.46,3,0,0,False,False,False,True,False,False,False,False,3897.8312317176433,4721.051851405187,3886.8542226148415
,4,0,512,64,0,0,944.46,3,1120,196,True,False,False,True,False,False,False,False,3944.7561169073256,2656.9791264747573,3886.8542226148415
10.0,16,1024,0,64,0,1,9719.46,4,31,3,True,False,True,False,False,False,False,False,6347.897611948667,4093.8248245974155,5584.356976452875
10.0,16,1024,0,64,0,1,9719.46,4,91,5,True,False,True,False,False,False,False,False,6347.897611948667,4093.8248245974155,5584.356976452875
11.0,8,512,0,64,0,1,2883.6,4,46,6,True,False,False,True,False,False,False,True,4286.282336192113,4093.8248245974155,3886.8542226148415
10.0,8,512,0,64,4,1,4319.46,3,0,0,True,False,False,True,False,False,False,False,3334.394345729281,4093.8248245974155,3886.8542226148415
10.0,8,256,0,32,0,2,2051.46,4,2080,235,True,False,False,True,False,True,False,True,3897.8312317176433,2297.5713661474792,3886.8542226148415
,4,128,0,32,0,0,3137.4,3,0,0,True,False,False,True,False,False,True,False,4286.282336192113,3555.7215701127607,3886.8542226148415
10.0,4,0,1024,64,0,0,1835.46,3,31,6,True,False,False,True,False,True,False,False,4286.282336192113,2297.5713661474792,3886.8542226148415
11.0,8,256,0,64,0,1,2159.46,4,543,65,True,False,False,True,False,True,False,False,3897.8312317176433,2297.5713661474792,3886.8542226148415
11.0,4,256,1024,64,0,1,2321.46,4,62,7,True,False,False,True,False,True,False,True,3334.394345729281,2297.5713661474792,3886.8542226148415
11.0,16,512,0,64,0,0,3671.46,4,93,9,True,False,False,True,False,True,False,False,3334.394345729281,4093.8248245974155,3886.8542226148415
11.0,8,512,0,64,2,1,3563.46,4,10,0,True,False,False,True,False,False,False,False,3334.394345729281,4093.8248245974155,3886.8542226148415
,8,512,0,32,0,0,2645.46,4,17,1,False,False,False,True,False,False,False,False,3898.3903195266953,3348.585844303271,3886.8542226148415
11.0,8,0,1024,64,0,0,2699.46,3,0,0,True,False,False,True,False,False,False,False,4023.2208195732223,4093.8248245974155,3886.8542226148415
,4,1024,0,32,4,1,6209.46,3,0,0,False,False,False,True,False,False,False,False,4286.282336192113,4721.051851405187,4554.905430033711
11.0,16,512,0,64,2,1,4843.91,3,0,0,True,False,False,True,False,False,False,True,3334.394345729281,4093.8248245974155,3886.8542226148415
11.0,8,256,1024,64,0,1,3720.6,5,6,1,True,False,False,True,False,False,False,True,4286.282336192113,4093.8248245974155,3886.8542226148415
,8,256,0,64,0,1,2267.46,4,939,107,False,False,False,True,False,False,False,True,3334.394345729281,3348.585844303271,3886.8542226148415
10.0,4,0,1024,64,0,1,2200.5,4,1096,116,True,False,False,True,False,True,False,True,3898.3903195266953,2297.5713661474792,3886.8542226148415
10.0,4,512,0,64,0,0,2256.66,3,0,0,True,False,False,True,False,False,False,False,3334.394345729281,2297.5713661474792,3886.8542226148415
11.0,8,256,1024,64,2,1,3374.46,3,157,20,True,False,False,True,False,False,False,False,3334.394345729281,4093.8248245974155,3886.8542226148415
11.0,16,512,1024,32,6,1,6479.46,4,342,54,True,False,False,True,False,False,False,False,4023.2208195732223,6384.654678936433,3886.8542226148415
11.0,8,512,0,64,0,1,3823.15,4,98,6,True,False,False,True,False,False,True,True,3334.394345729281,4093.8248245974155,3886.8542226148415
10.0,8,0,1024,64,0,0,3307.45,3,0,0,True,False,False,True,False,False,False,False,4286.282336192113,4093.8248245974155,3886.8542226148415
11.0,8,512,0,64,0,0,3131.46,4,1541,123,True,False,False,True,False,True,False,False,3898.3903195266953,4093.8248245974155,3886.8542226148415
11.0,8,512,0,64,0,2,2321.46,4,984,99,True,False,False,True,False,True,False,True,3897.8312317176433,2297.5713661474792,3886.8542226148415
11.0,16,512,0,64,0,1,7306.2,5,5,2,True,False,False,True,False,True,False,True,3334.394345729281,6384.654678936433,5584.356976452875
11.0,8,256,1024,64,0,0,2402.46,4,844,103,True,False,False,True,False,False,False,False,3334.394345729281,2297.5713661474792,3886.8542226148415
11.0,8,512,0,64,0,0,4589.46,3,0,0,True,False,False,True,False,True,False,False,4286.282336192113,4093.8248245974155,4368.059535501012
11.0,16,512,0,64,0,1,5561.46,4,11,2,True,False,False,True,False,False,True,True,3898.3903195266953,6384.654678936433,3886.8542226148415
11.0,4,256,0,64,0,1,2424.6,4,1029,107,True,False,False,True,False,True,False,True,3898.3903195266953,2297.5713661474792,3886.8542226148415
,16,1024,0,64,0,0,6101.46,3,0,0,False,False,False,True,False,False,True,False,4286.282336192113,4721.051851405187,5584.356976452875
11.0,8,512,0,64,0,2,2807.46,4,85,4,True,False,False,True,False,True,False,True,3897.8312317176433,4093.8248245974155,3886.8542226148415
,4,512,0,64,0,1,4547.23,3,0,0,False,False,False,True,False,False,False,True,3898.3903195266953,3348.585844303271,3886.8542226148415
11.0,8,512,0,64,0,1,3309.66,3,4,1,True,False,False,True,False,True,False,False,3334.394345729281,4093.8248245974155,3886.8542226148415
,4,256,0,64,0,0,1727.95,4,286,19,True,False,False,True,False,True,False,False,3897.8312317176433,2656.9791264747573,3886.8542226148415
11.0,4,512,0,64,0,1,3131.95,3,10,2,True,False,False,True,False,False,True,True,3897.8312317176433,2297.5713661474792,3886.8542226148415
11.0,8,512,0,64,0,0,6047.95,3,0,0,True,False,False,True,False,False,True,False,3898.3903195266953,4093.8248245974155,5584.356976452875
11.0,8,512,0,64,0,1,2915.46,4,61,2,True,False,False,True,False,True,False,True,3897.8312317176433,4093.8248245974155,3886.8542226148415
11.0,16,1024,0,64,0,1,8099.95,3,0,0,True,False,False,True,False,False,True,False,3898.3903195266953,6384.654678936433,5584.356976452875
11.0,8,256,1024,64,0,1,3347.46,3,0,0,True,False,False,True,False,True,False,True,3334.394345729281,4093.8248245974155,3886.8542226148415
10.0,16,512,0,64,0,1,9989.46,4,42,8,False,True,True,False,False,False,False,False,6347.897611948667,5945.3868836516585,3886.8542226148415
10.0,8,256,1024,64,4,0,4206.6,4,179,34,True,False,False,True,False,False,False,False,3334.394345729281,4093.8248245974155,3886.8542226148415
,16,1024,0,64,0,1,4588.38,3,2,1,False,False,False,True,False,True,False,True,4286.282336192113,4721.051851405187,5584.356976452875
,4,0,512,64,0,0,1429.38,3,232,23,True,False,False,True,False,False,False,False,3898.3903195266953,2656.9791264747573,3886.8542226148415
10.0,4,512,0,32,0,0,2095.15,4,30,1,True,False,False,True,False,False,False,False,3898.3903195266953,2297.5713661474792,3886.8542226148415
11.0,16,512,0,64,4,1,5399.46,3,0,0,True,False,False,True,False,False,False,False,3334.394345729281,6384.654678936433,3886.8542226148415
,4,1024,0,64,0,3,4426.81,3,0,0,False,False,False,True,False,True,True,True,3897.8312317176433,3348.585844303271,5584.356976452875
10.0,16,512,0,64,0,3,9424.46,3,0,0,True,False,False,True,False,True,False,False,3897.8312317176433,6384.654678936433,3886.8542226148415
10.0,8,512,0,64,0,1,2105.46,3,13,1,True,False,False,True,False,True,False,False,3897.8312317176433,2297.5713661474792,3886.8542226148415
10.0,4,256,1024,64,0,0,2213.46,3,0,0,True,False,False,True,False,False,False,False,4286.282336192113,2297.5713661474792,3886.8542226148415
11.0,8,512,0,64,4,2,4049.46,3,0,0,True,False,False,True,False,False,False,False,5077.412051365493,4093.8248245974155,3886.8542226148415
,16,512,0,64,4,1,4589.46,2,4,2,False,False,False,True,True,False,False,True,3898.3903195266953,4721.051851405187,3886.8542226148415
10.0,8,0,512,32,6,0,5939.46,4,78,16,True,False,False,False,False,False,False,False,5077.412051365493,4093.8248245974155,4368.059535501012
10.0,8,256,0,64,0,1,4643.46,4,6725,629,False,True,True,False,False,False,False,False,6347.897611948667,5945.3868836516585,3886.8542226148415
10.0,16,2048,0,64,8,1,8639.46,3,4,0,True,False,False,True,False,False,False,False,4023.2208195732223,6384.654678936433,3886.8542226148415
,8,256,0,64,0,1,2267.46,4,649,84,False,False,False,True,False,False,False,True,3334.394345729281,3348.585844303271,3886.8542226148415
10.0,16,512,0,64,0,0,8764.15,3,0,0,True,False,False,True,False,True,False,False,3897.8312317176433,6384.654678936433,3886.8542226148415
,4,1024,0,64,0,1,7019.46,3,0,0,False,False,False,True,False,False,False,False,4286.282336192113,5895.372838905774,3886.8542226148415
11.0,8,256,0,64,0,1,2483.46,4,816,147,True,False,False,True,False,False,False,False,4286.282336192113,2297.5713661474792,3886.8542226148415
,4,1024,0,64,0,1,5994.0,3,0,0,False,False,False,True,False,False,False,False,4286.282336192113,4721.051851405187,3886.8542226148415
11.0,8,0,1024,64,0,1,2051.46,3,265,46,True,False,False,True,False,True,False,True,3334.394345729281,2297.5713661474792,3886.8542226148415
10.0,16,1024,0,64,0,1,13175.46,4,42,8,False,True,True,False,False,False,False,False,6347.897611948667,5945.3868836516585,3886.8542226148415
10.0,8,256,1024,64,0,1,2240.46,5,7,5,True,False,False,True,False,True,False,True,3334.394345729281,2297.5713661474792,3886.8542226148415
11.0,8,256,0,64,0,1,3531.06,3,0,0,True,False,False,True,False,False,False,False,3898.3903195266953,4093.8248245974155,3886.8542226148415
11.0,16,512,0,64,4,2,5129.46,3,0,0,True,False,False,True,False,False,False,False,5077.412051365493,6384.654678936433,3886.8542226148415
11.0,8,256,0,64,0,1,2699.46,4,24,5,True,False,False,True,False,False,True,False,3334.394345729281,2297.5713661474792,3886.8542226148415
,16,1024,0,32,0,1,8369.46,4,194,42,False,False,False,True,False,False,False,False,4286.282336192113,5895.372838905774,3886.8542226148415
11.0,16,512,0,64,0,0,3509.46,4,33,5,True,False,False,True,False,False,False,False,5077.412051365493,6384.654678936433,3886.8542226148415
10.0,16,2048,0,64,0,0,12635.46,3,0,0,True,False,False,True,False,False,False,False,4286.282336192113,6384.654678936433,5102.727054802042
8.0,8,256,0,64,0,0,3995.46,3,0,0,True,False,False,True,False,True,False,False,3944.7561169073256,6384.654678936433,3886.8542226148415
11.0,8,512,0,32,6,1,4589.46,5,5,0,True,False,False,True,False,False,False,False,4286.282336192113,4093.8248245974155,3886.8542226148415
11.0,16,1024,0,64,6,0,10421.46,3,0,0,True,False,False,True,False,False,False,False,5077.412051365493,5925.627502540141,3886.8542226148415
11.0,8,512,0,64,0,1,3563.46,4,17,4,True,False,False,True,False,False,False,True,3897.8312317176433,4093.8248245974155,3886.8542226148415
11.0,4,256,0,32,0,1,1943.46,4,1479,181,True,False,False,True,False,False,False,True,4286.282336192113,2297.5713661474792,3886.8542226148415
,4,512,0,64,0,1,4103.95,3,0,0,False,False,False,True,False,True,False,False,4023.2208195732223,3348.585844303271,3886.8542226148415
8.0,8,0,1024,64,0,1,2526.66,4,3062,325,True,False,False,True,False,False,False,False,3898.3903195266953,4093.8248245974155,3886.8542226148415
11.0,8,512,0,64,2,1,4481.46,4,21,2,True,False,False,True,False,False,True,True,3334.394345729281,4093.8248245974155,3886.8542226148415
10.0,8,512,0,64,0,1,2591.46,4,35,2,True,False,False,True,False,False,False,False,4286.282336192113,4093.8248245974155,3886.8542226148415
11.0,8,256,0,64,0,1,2483.46,4,816,147,True,False,False,True,False,False,False,False,4286.282336192113,2297.5713661474792,3886.8542226148415
,16,256,1024,64,4,1,4103.46,4,1084,123,False,False,False,True,True,False,False,True,3898.3903195266953,4721.051851405187,3886.8542226148415
11.0,8,512,0,64,2,1,3832.92,4,138,23,True,False,False,True,False,False,False,True,3334.394345729281,4093.8248245974155,3886.8542226148415
11.0,8,256,1024,64,2,0,3644.46,3,41,5,True,False,False,True,False,False,False,False,3334.394345729281,4093.8248245974155,3886.8542226148415
,16,256,1024,64,4,0,4427.46,4,141,24,False,False,False,True,False,False,False,False,4023.2208195732223,4721.051851405187,3886.8542226148415
,4,1024,0,64,4,1,12689.46,3,0,0,False,False,False,True,False,False,True,True,4286.282336192113,5895.372838905774,5584.356976452875
,8,256,0,64,0,1,2051.46,4,2214,241,False,False,False,True,False,True,False,False,3898.3903195266953,3073.353869519215,3886.8542226148415
,4,0,512,32,0,0,917.46,3,414,54,True,False,False,True,False,False,False,False,3897.8312317176433,2656.9791264747573,4368.059535501012
,16,512,0,64,4,1,5075.46,3,0,0,False,False,False,True,False,False,False,False,3334.394345729281,4721.051851405187,3886.8542226148415
,4,512,0,64,0,0,2969.46,4,1410,203,False,False,False,True,False,False,False,False,5077.412051365493,3348.585844303271,3886.8542226148415
11.0,16,512,0,32,0,0,4778.35,3,0,0,True,False,False,True,False,False,True,False,3897.8312317176433,6384.654678936433,3886.8542226148415
,16,1024,0,64,6,1,7343.46,3,0,0,False,False,False,True,False,False,False,False,4286.282336192113,5895.372838905774,3886.8542226148415
,4,1024,0,64,4,1,5399.46,3,0,0,False,False,False,True,False,False,False,False,4023.2208195732223,4721.051851405187,3886.8542226148415
,4,512,1024,32,0,0,4346.46,3,0,0,False,False,False,True,False,False,False,False,3897.8312317176433,4721.051851405187,3886.8542226148415
11.0,8,0,1024,32,0,0,2316.6,3,0,0,True,False,False,True,False,False,False,False,3334.394345729281,2297.5713661474792,3886.8542226148415
11.0,16,1024,0,64,6,1,7559.46,3,0,0,True,False,False,True,False,False,False,False,4023.2208195732223,5925.627502540141,3886.8542226148415
10.0,4,0,1024,64,0,1,2343.6,4,231,26,True,False,False,True,False,False,False,True,3334.394345729281,2297.5713661474792,3886.8542226148415
10.0,16,256,1024,64,4,0,3617.46,4,25,4,True,False,False,True,True,False,False,False,4286.282336192113,6384.654678936433,3886.8542226148415
11.0,32,1024,0,64,8,1,9179.46,3,0,0,True,False,False,True,False,False,False,False,4023.2208195732223,5925.627502540141,3886.8542226148415
,4,256,0,64,0,1,1673.46,4,465,89,True,False,False,True,False,False,False,False,4023.2208195732223,3555.7215701127607,3886.8542226148415
10.0,8,512,0,64,0,1,2456.46,4,43,4,True,False,False,True,False,True,False,False,3334.394345729281,2297.5713661474792,3886.8542226148415
11.0,8,512,0,64,0,1,2861.46,4,155,20,True,False,False,True,False,True,False,False,4023.2208195732223,4093.8248245974155,3886.8542226148415
,8,256,0,64,0,1,2402.46,4,8,2,False,False,False,True,False,True,False,True,3334.394345729281,3348.585844303271,3886.8542226148415
11.0,8,512,0,64,0,1,2969.46,4,245,34,True,False,False,True,False,True,True,False,3897.8312317176433,2297.5713661474792,3886.8542226148415
10.0,8,0,1024,64,4,2,2861.46,4,1114,137,True,False,False,True,False,False,False,False,5077.412051365493,4093.8248245974155,3886.8542226148415
8.0,8,0,1024,64,2,1,3239.95,4,118,28,True,False,False,True,False,False,False,True,4023.2208195732223,4093.8248245974155,3886.8542226148415
10.0,4,512,0,64,0,1,2213.46,4,4008,519,True,False,False,True,False,False,False,False,4286.282336192113,2297.5713661474792,3886.8542226148415
11.0,4,256,0,64,0,1,2105.46,4,106,13,True,False,False,True,False,True,False,True,3897.8312317176433,2297.5713661474792,3886.8542226148415
10.0,4,0,1024,32,0,0,1835.46,3,43,7,True,False,False,True,False,True,False,False,4286.282336192113,2297.5713661474792,3886.8542226148415
11.0,8,512,0,32,2,1,4540.64,3,8,3,True,False,False,True,False,False,False,True,3897.8312317176433,4093.8248245974155,3886.8542226148415
,8,1024,0,64,4,0,3941.46,4,198,24,False,False,False,True,False,False,False,False,4286.282336192113,4721.051851405187,5584.356976452875
7.0,8,256,0,64,0,1,4690.82,4,39,3,True,False,False,True,False,True,False,True,4023.2208195732223,4093.8248245974155,4410.68310640088
,8,512,0,64,0,1,2699.46,4,47,7,False,False,False,True,False,True,False,True,3334.394345729281,3348.585844303271,3886.8542226148415
,4,0,1024,64,0,1,1403.46,3,2736,350,True,False,False,True,False,False,False,False,4286.282336192113,3555.7215701127607,3886.8542226148415
10.0,4,0,1024,32,0,0,2699.95,3,0,0,True,False,False,True,False,False,False,False,3897.8312317176433,4093.8248245974155,3886.8542226148415
,8,512,0,64,4,1,3131.46,4,4740,532,False,False,False,True,False,False,False,False,3898.3903195266953,3348.585844303271,3886.8542226148415
11.0,8,256,0,64,0,1,2267.46,3,10,5,True,False,False,True,False,True,False,True,3334.394345729281,2297.5713661474792,3886.8542226148415
11.0,8,256,1024,64,2,1,3250.26,4,33,4,True,False,False,True,False,False,False,True,4286.282336192113,4093.8248245974155,3886.8542226148415
9.0,8,512,0,64,4,1,2969.46,4,1681,227,True,False,False,True,True,False,False,True,4286.282336192113,4093.8248245974155,3886.8542226148415
11.0,8,512,0,64,0,1,2996.46,4,138,16,True,False,False,True,False,False,False,False,5077.412051365493,4093.8248245974155,3886.8542226148415
10.0,32,1024,0,64,0,1,16739.46,5,3,1,False,True,True,False,False,False,False,False,6347.897611948667,5945.3868836516585,3886.8542226148415
11.0,16,1024,0,64,0,1,4643.46,3,7,2,True,False,False,True,False,False,False,True,3897.8312317176433,6384.654678936433,4368.059535501012
11.0,16,3072,0,32,6,1,23867.46,5,1,1,True,False,False,True,False,False,False,False,4286.282336192113,5925.627502540141,3886.8542226148415
10.0,8,256,0,64,0,1,6101.46,4,640,70,False,True,True,False,False,False,False,False,6347.897611948667,5945.3868836516585,3886.8542226148415
11.0,8,512,0,64,0,1,3455.46,4,17,1,True,False,False,True,False,True,False,True,3898.3903195266953,4093.8248245974155,3886.8542226148415
10.0,8,512,0,64,0,1,6042.06,3,0,0,True,False,False,True,False,True,False,True,3334.394345729281,4093.8248245974155,5584.356976452875
10.0,8,512,512,64,0,3,8392.19,3,0,0,True,False,False,True,False,True,True,False,3897.8312317176433,4093.8248245974155,3886.8542226148415
10.0,4,0,1024,64,0,1,2105.46,4,1850,216,True,False,False,True,False,True,False,True,4286.282336192113,2297.5713661474792,3886.8542226148415
,8,0,1024,64,0,1,2132.46,4,7291,895,False,False,False,True,False,True,False,True,3898.3903195266953,3073.353869519215,3886.8542226148415
,8,256,1024,64,0,1,2969.46,4,18,3,False,False,False,True,False,False,False,False,4286.282336192113,3348.585844303271,3886.8542226148415
11.0,16,1024,0,64,6,0,8159.29,4,7,0,True,False,False,True,False,False,False,False,3897.8312317176433,6384.654678936433,3886.8542226148415
10.0,8,512,0,64,4,1,3725.46,4,44,2,True,False,False,True,True,False,False,True,3897.8312317176433,6384.654678936433,3886.8542226148415
11.0,4,0,1024,64,0,1,2148.66,3,40,3,True,False,False,True,False,True,False,False,3898.3903195266953,2297.5713661474792,3886.8542226148415
11.0,4,0,1024,32,0,0,2374.38,3,16,0,True,False,False,True,False,False,False,False,3334.394345729281,2297.5713661474792,3886.8542226148415
10.0,16,256,0,64,0,1,7181.46,4,640,70,False,True,True,False,False,False,False,False,6347.897611948667,5945.3868836516585,3886.8542226148415
,4,512,0,64,6,0,4859.46,4,191,27,False,False,False,True,False,False,False,False,3334.394345729281,4721.051851405187,3886.8542226148415
10.0,8,512,0,64,0,1,5669.46,4,6725,629,False,True,True,False,False,False,False,False,6347.897611948667,5945.3868836516585,3886.8542226148415
11.0,8,512,0,32,4,0,4428.0,3,0,0,True,False,False,True,False,False,False,False,3898.3903195266953,4093.8248245974155,3886.8542226148415
11.0,8,256,1024,64,0,1,3185.46,4,8,1,True,False,False,True,False,True,False,True,3334.394345729281,4093.8248245974155,3886.8542226148415
8.0,8,512,0,64,4,1,5373.0,3,0,0,True,False,False,True,False,False,False,False,4023.2208195732223,4093.8248245974155,3886.8542226148415
11.0,4,256,1024,64,0,1,2159.46,3,170,11,True,False,False,True,False,True,False,True,3334.394345729281,2297.5713661474792,3886.8542226148415
11.0,4,512,0,32,0,1,2753.46,3,0,0,True,False,False,True,False,True,False,False,3898.3903195266953,2297.5713661474792,3886.8542226148415
,8,256,1024,64,0,1,3455.46,4,861,116,False,False,False,True,True,False,False,True,3897.8312317176433,3348.585844303271,3886.8542226148415
10.0,4,0,1024,64,0,1,1997.46,3,103,10,True,False,False,True,False,True,False,False,3897.8312317176433,2297.5713661474792,3886.8542226148415
,4,1024,0,64,4,0,6101.46,3,0,0,False,False,False,True,False,False,False,False,4286.282336192113,4721.051851405187,4554.905430033711
,8,0,512,32,0,1,6479.46,4,1,1,True,False,False,True,False,False,False,False,4023.2208195732223,4093.8248245974155,4368.059535501012
11.0,16,512,0,64,0,1,3509.46,4,46,4,True,False,False,True,False,False,False,True,3897.8312317176433,4093.8248245974155,3886.8542226148415
11.0,8,512,0,64,0,1,2996.46,4,337,27,True,False,False,True,False,True,False,True,3334.394345729281,4093.8248245974155,3886.8542226148415
11.0,16,512,0,64,4,1,5453.46,3,0,0,True,False,False,True,False,False,False,True,3898.3903195266953,4093.8248245974155,3886.8542226148415
10.0,4,512,0,64,0,1,2240.46,4,4008,519,True,False,False,True,False,False,False,False,4286.282336192113,2297.5713661474792,3886.8542226148415
10.0,4,256,1024,64,0,1,2235.06,4,56,7,True,False,False,True,False,True,False,True,3334.394345729281,2297.5713661474792,3886.8542226148415
10.0,8,0,512,32,0,0,3023.46,4,818,109,True,False,False,False,False,True,False,False,3898.3903195266953,4093.8248245974155,4368.059535501012
7.0,4,0,1024,64,0,1,2408.35,4,122,12,True,False,False,True,False,False,False,False,3898.3903195266953,4093.8248245974155,3886.8542226148415
11.0,16,512,0,64,0,1,3239.46,4,11,2,True,False,False,True,False,False,False,False,4286.282336192113,4093.8248245974155,3886.8542226148415
10.0,8,512,512,64,0,3,6771.28,3,0,0,True,False,False,True,False,True,True,False,3897.8312317176433,4093.8248245974155,3886.8542226148415
,16,512,0,64,4,1,5399.46,4,26,1,False,False,False,True,False,False,False,True,3897.8312317176433,4721.051851405187,3886.8542226148415
11.0,8,512,0,64,0,1,2996.46,4,143,15,True,False,False,True,False,False,True,True,3898.3903195266953,2297.5713661474792,3886.8542226148415
10.0,8,512,0,64,4,0,4103.46,4,1365,137,True,False,False,True,False,False,False,False,4286.282336192113,4093.8248245974155,3886.8542226148415
,4,512,0,64,0,1,2402.46,4,267,42,False,False,False,True,False,True,False,True,3898.3903195266953,3073.353869519215,3886.8542226148415
,4,0,1024,64,0,1,2159.46,4,409,39,False,False,False,True,False,False,False,True,3334.394345729281,3073.353869519215,3886.8542226148415
,4,512,0,64,0,1,5021.46,4,25,4,False,False,False,True,False,False,False,False,4286.282336192113,4721.051851405187,3886.8542226148415
10.0,8,512,0,64,4,1,3131.46,4,3712,412,True,False,False,True,True,False,False,False,4286.282336192113,4093.8248245974155,3886.8542226148415
,4,512,0,64,0,1,3077.46,3,0,0,False,False,False,True,False,False,False,True,4286.282336192113,4721.051851405187,3886.8542226148415
,8,256,0,64,0,1,3401.46,3,0,0,True,False,False,True,False,False,True,False,4286.282336192113,3555.7215701127607,5584.356976452875
,4,512,0,64,4,1,4589.35,3,0,0,False,False,False,True,False,False,False,True,3897.8312317176433,4721.051851405187,3886.8542226148415
,16,512,0,64,0,1,5293.08,3,0,0,False,False,False,True,False,False,True,True,3898.3903195266953,3348.585844303271,3886.8542226148415
,4,0,1024,64,0,1,1403.46,3,4741,658,True,False,False,True,False,False,False,False,4286.282336192113,3555.7215701127607,3886.8542226148415
10.0,8,512,0,64,0,0,7170.66,3,0,0,True,False,False,True,False,False,False,False,4286.282336192113,4093.8248245974155,5102.727054802042
,16,1024,0,64,8,1,10799.46,4,9,2,False,False,False,True,False,False,False,True,4286.282336192113,5895.372838905774,3886.8542226148415
8.0,16,512,0,64,0,1,6582.06,1,3,0,True,False,False,True,False,True,False,True,3334.394345729281,6384.654678936433,4410.68310640088
11.0,16,512,0,64,2,1,3752.46,3,0,0,True,False,False,True,False,False,False,True,3334.394345729281,4093.8248245974155,3886.8542226148415
,8,512,0,64,4,0,3509.46,4,469,80,False,False,False,True,False,False,False,False,5077.412051365493,3348.585844303271,3886.8542226148415
10.0,8,0,1024,64,2,1,3050.51,3,30,6,True,False,False,True,False,False,False,False,4023.2208195732223,4093.8248245974155,3886.8542226148415
10.0,8,512,0,64,0,0,3131.46,4,15,0,True,False,False,True,False,True,False,False,5077.412051365493,6384.654678936433,3886.8542226148415
11.0,8,512,0,64,0,1,2429.46,3,0,0,True,False,False,True,False,True,False,True,4286.282336192113,2297.5713661474792,3886.8542226148415
11.0,16,512,0,64,4,2,4157.46,4,75,17,True,False,False,True,False,False,False,False,5077.412051365493,4093.8248245974155,3886.8542226148415
,4,512,0,64,0,1,2699.46,4,14,2,False,False,False,True,False,True,False,True,4286.282336192113,3348.585844303271,3886.8542226148415
10.0,8,512,0,64,0,1,6803.46,4,399,45,False,True,True,False,False,False,False,False,6347.897611948667,5945.3868836516585,3886.8542226148415
10.0,8,512,0,64,2,1,4481.46,3,15,3,True,False,False,True,False,False,False,True,3334.394345729281,4093.8248245974155,3886.8542226148415
11.0,16,512,0,64,6,1,4859.46,4,124,17,True,False,False,True,True,False,False,True,4286.282336192113,4093.8248245974155,3886.8542226148415
,4,512,0,64,0,0,2191.86,3,0,0,False,False,False,True,False,True,False,False,3334.394345729281,3073.353869519215,3886.8542226148415
11.0,8,512,0,32,2,1,3833.46,4,11,3,True,False,False,True,False,False,False,True,3897.8312317176433,4093.8248245974155,3886.8542226148415
11.0,8,1024,0,64,4,1,4751.46,3,0,0,True,False,False,True,False,False,False,False,4286.282336192113,4093.8248245974155,3886.8542226148415
,4,256,1024,64,0,1,2861.46,4,698,74,False,False,False,True,False,True,False,False,3898.3903195266953,3348.585844303271,3886.8542226148415
11.0,8,512,0,64,0,1,3995.46,4,195,17,True,False,False,True,False,False,True,True,3334.394345729281,4093.8248245974155,3886.8542226148415
10.0,8,512,0,64,0,1,2591.46,4,1625,152,True,False,False,True,False,True,False,True,4286.282336192113,4093.8248245974155,3886.8542226148415
,4,256,0,64,0,1,1835.46,4,6,0,True,False,False,True,False,True,False,True,4286.282336192113,3555.7215701127607,3886.8542226148415
,4,0,1024,64,0,0,1511.46,3,0,0,True,False,False,True,False,False,False,False,4286.282336192113,3555.7215701127607,4368.059535501012
11.0,8,512,0,64,0,1,3239.46,4,26,4,True,False,False,True,False,False,False,True,3897.8312317176433,4093.8248245974155,3886.8542226148415
11.0,8,512,0,32,0,0,5076.0,3,0,0,True,False,False,True,False,False,False,False,3898.3903195266953,4093.8248245974155,3886.8542226148415
11.0,8,512,0,64,0,1,4967.95,4,16,2,True,False,False,True,False,False,False,True,3897.8312317176433,4093.8248245974155,3886.8542226148415
11.0,8,512,0,32,0,1,3455.46,4,10,1,True,False,False,True,False,False,True,True,4286.282336192113,4093.8248245974155,5584.356976452875
,4,1024,0,32,4,0,5183.46,4,57,3,False,False,False,True,True,False,False,False,4286.282336192113,4721.051851405187,3886.8542226148415
,4,512,0,64,4,1,5341.68,3,0,0,False,False,False,True,False,False,False,False,3334.394345729281,3348.585844303271,3886.8542226148415
10.0,8,256,1024,64,4,0,4049.95,4,268,25,True,False,False,True,True,False,False,False,3897.8312317176433,4093.8248245974155,3886.8542226148415
11.0,8,512,0,64,2,3,3887.46,3,0,0,True,False,False,True,False,True,False,False,3334.394345729281,4093.8248245974155,3886.8542226148415
11.0,16,512,0,64,4,0,4697.46,3,0,0,True,False,False,True,False,False,False,False,5077.412051365493,6384.654678936433,3886.8542226148415
,8,256,0,64,0,0,1997.46,4,137,15,False,False,False,True,False,True,False,False,3334.394345729281,3073.353869519215,3886.8542226148415
,4,1024,0,64,4,1,6749.46,4,44,12,False,False,False,True,False,False,True,True,4286.282336192113,5895.372838905774,5584.356976452875
,4,512,0,32,4,1,6047.46,3,0,0,False,False,False,True,False,False,False,False,4286.282336192113,4721.051851405187,4554.905430033711
,8,512,0,64,4,0,3887.46,4,1810,235,False,False,False,True,False,False,False,False,4286.282336192113,4721.051851405187,3886.8542226148415
10.0,16,1024,0,64,0,1,12203.46,4,42,8,False,True,True,False,False,False,False,False,6347.897611948667,5945.3868836516585,3886.8542226148415
,4,512,0,64,0,1,4211.46,3,0,0,False,False,False,True,False,True,True,True,3897.8312317176433,3348.585844303271,3886.8542226148415
,8,512,0,64,0,1,1997.46,4,11,2,False,False,False,True,False,False,False,False,4023.2208195732223,3073.353869519215,3886.8542226148415
,8,512,0,64,0,1,3212.46,3,0,0,False,False,False,True,False,True,False,True,3334.394345729281,3348.585844303271,3886.8542226148415
11.0,16,1024,0,64,2,1,5073.57,4,4,0,True,False,False,True,False,False,False,True,3334.394345729281,6384.654678936433,3886.8542226148415
10.0,16,0,1024,64,2,0,5075.46,3,0,0,True,False,False,True,False,False,False,False,4286.282336192113,6384.654678936433,3886.8542226148415
8.0,4,256,0,64,0,1,2928.85,4,71,8,True,False,False,True,False,False,True,True,3898.3903195266953,2297.5713661474792,3886.8542226148415
11.0,16,512,0,64,0,1,4022.46,4,10,0,True,False,False,True,False,True,False,True,3898.3903195266953,4093.8248245974155,3886.8542226148415
10.0,8,0,1024,32,0,0,2105.95,3,7,2,True,False,False,True,False,False,False,False,3897.8312317176433,2297.5713661474792,3886.8542226148415
11.0,16,512,0,64,0,0,5129.46,3,0,0,True,False,False,True,False,True,False,False,4286.282336192113,6384.654678936433,5584.356976452875
10.0,8,256,0,64,0,0,2051.46,4,286,36,True,False,False,True,False,True,False,False,3897.8312317176433,2297.5713661474792,3886.8542226148415
11.0,16,1024,0,32,4,1,10529.46,3,0,0,True,False,False,True,False,False,False,False,4286.282336192113,6384.654678936433,3886.8542226148415
,4,0,512,32,0,0,1106.46,3,637,91,True,False,False,True,False,False,False,False,4286.282336192113,2656.9791264747573,4368.059535501012
,8,0,1024,64,0,0,2019.06,4,38,5,False,False,False,True,False,True,False,False,3334.394345729281,3073.353869519215,3886.8542226148415
,4,512,0,64,0,0,4967.46,3,0,0,False,False,False,True,False,False,True,False,4286.282336192113,3348.585844303271,5584.356976452875
,8,512,0,64,0,1,3995.95,4,206,27,False,False,False,True,False,False,True,True,3898.3903195266953,3348.585844303271,3886.8542226148415
,16,1024,0,64,8,1,5399.46,4,108,24,False,False,False,True,False,False,False,False,5077.412051365493,4721.051851405187,3886.8542226148415
11.0,8,512,0,64,0,0,2483.46,4,184,29,True,False,False,True,False,True,False,False,3334.394345729281,2297.5713661474792,3886.8542226148415
9.0,16,1024,0,64,4,0,12414.6,3,0,0,True,False,False,True,False,True,False,False,3897.8312317176433,6384.654678936433,3886.8542226148415
11.0,8,512,0,64,0,0,3023.95,4,5,1,True,False,False,True,False,True,False,False,3898.3903195266953,4093.8248245974155,3886.8542226148415
10.0,16,1024,0,64,8,1,12689.46,3,0,0,True,False,False,True,False,False,False,True,3897.8312317176433,6384.654678936433,3886.8542226148415
11.0,8,256,1024,64,2,1,3774.6,3,0,0,True,False,False,True,False,False,False,False,3334.394345729281,4093.8248245974155,3886.8542226148415
12.0,16,1024,0,64,6,0,7559.46,4,4,2,True,False,False,True,False,False,False,False,5077.412051365493,6384.654678936433,3886.8542226148415
,8,512,0,64,0,1,2802.06,4,519,48,False,False,False,True,False,True,False,True,3898.3903195266953,3348.585844303271,3886.8542226148415
11.0,8,256,0,64,0,2,2672.46,4,365,35,True,False,False,True,False,False,False,True,3897.8312317176433,4093.8248245974155,3886.8542226148415
11.0,8,512,0,64,4,1,4157.46,3,0,0,True,False,False,True,False,False,False,False,4286.282336192113,4093.8248245974155,3886.8542226148415
11.0,16,512,0,64,2,1,4212.0,4,512,85,True,False,False,True,False,False,False,False,3898.3903195266953,4093.8248245974155,3886.8542226148415
,4,512,0,64,0,1,3293.46,4,183,42,False,False,False,True,False,True,False,True,3334.394345729281,3348.585844303271,3886.8542226148415
11.0,8,512,0,64,0,2,2861.46,4,300,24,True,False,False,True,False,False,False,True,3897.8312317176433,4093.8248245974155,3886.8542226148415
,4,0,512,64,0,0,1457.46,3,0,0,True,False,False,True,False,False,False,False,4286.282336192113,2656.9791264747573,3886.8542226148415
,8,256,0,64,0,0,2191.86,3,0,0,False,False,False,True,False,True,False,False,3334.394345729281,3073.353869519215,3886.8542226148415
,4,256,1024,64,0,1,3401.46,4,165,34,False,False,False,True,False,False,False,True,4286.282336192113,3348.585844303271,3886.8542226148415
10.0,16,512,0,64,0,1,6965.46,4,45,4,False,True,True,False,False,False,False,False,6347.897611948667,5945.3868836516585,3886.8542226148415
10.0,16,1024,0,64,6,1,12149.46,4,9,0,True,False,False,True,False,False,True,False,4286.282336192113,6384.654678936433,3886.8542226148415
,8,512,0,64,0,1,3212.46,4,74,18,False,False,False,True,False,True,False,False,3334.394345729281,3348.585844303271,3886.8542226148415
10.0,4,512,0,64,0,1,2159.46,4,2551,297,True,False,False,True,False,True,False,True,4286.282336192113,2297.5713661474792,3886.8542226148415
11.0,16,1024,0,64,6,1,7397.46,3,0,0,True,False,False,True,False,False,False,True,3898.3903195266953,6384.654678936433,3886.8542226148415
10.0,8,1024,0,64,4,1,4211.46,4,187,26,True,False,False,True,False,False,False,False,4286.282336192113,4093.8248245974155,3886.8542226148415
11.0,16,512,0,64,4,1,4870.26,4,6,1,True,False,False,True,True,False,False,True,3898.3903195266953,6384.654678936433,3886.8542226148415
11.0,8,256,0,64,0,1,2321.46,4,17,2,True,False,False,True,False,True,False,False,3334.394345729281,2297.5713661474792,3886.8542226148415
11.0,8,256,0,64,0,1,2051.46,4,284,39,True,False,False,True,False,True,False,False,4286.282336192113,2297.5713661474792,3886.8542226148415
10.0,8,0,512,32,4,1,3676.86,1,23,4,True,False,False,False,False,False,False,False,3334.394345729281,4093.8248245974155,4368.059535501012
10.0,8,0,1024,64,0,1,2132.46,4,1917,189,True,False,False,True,False,True,False,True,3334.394345729281,2297.5713661474792,3886.8542226148415
10.0,8,256,0,64,0,0,1834.92,4,67,3,True,False,False,True,False,True,False,False,4286.282336192113,2297.5713661474792,3886.8542226148415
,8,256,1024,64,0,1,2969.46,4,49,6,False,False,False,True,False,False,False,False,4286.282336192113,3348.585844303271,3886.8542226148415
10.0,8,512,0,32,0,2,2618.46,4,126,13,True,False,False,True,False,True,False,True,3897.8312317176433,4093.8248245974155,3886.8542226148415
11.0,16,512,0,64,0,1,4643.46,4,77,10,True,False,False,True,False,False,True,True,3897.8312317176433,6384.654678936433,3886.8542226148415
11.0,8,512,0,64,0,1,4319.46,4,11,4,True,False,False,True,False,False,False,False,5077.412051365493,4093.8248245974155,5584.356976452875
11.0,8,512,0,64,0,1,3752.46,4,72,7,True,False,False,True,False,True,False,True,3334.394345729281,4093.8248245974155,3886.8542226148415
11.0,8,0,1024,64,0,1,2645.46,3,470,46,True,False,False,True,False,True,False,True,3334.394345729281,4093.8248245974155,3886.8542226148415
,8,512,0,64,0,1,2915.46,4,7,0,False,False,False,True,False,True,False,False,4023.2208195732223,3348.585844303271,5584.356976452875
7.0,8,512,0,64,0,0,3540.02,3,0,0,True,False,False,True,False,True,False,False,3944.7561169073256,4093.8248245974155,3886.8542226148415
11.0,16,1024,0,64,6,1,7559.46,3,0,0,True,False,False,True,True,False,False,False,4286.282336192113,5925.627502540141,3886.8542226148415
11.0,16,512,0,64,4,1,5399.46,3,0,0,True,False,False,True,False,False,False,False,3334.394345729281,6384.654678936433,3886.8542226148415
10.0,8,0,1024,32,0,0,2105.46,3,0,0,True,False,False,True,False,False,False,False,3897.8312317176433,2297.5713661474792,3886.8542226148415
10.0,4,256,0,32,0,0,2213.46,3,3,0,True,False,False,True,False,False,False,False,3897.8312317176433,2297.5713661474792,3886.8542226148415
11.0,8,256,1024,64,0,1,3185.46,4,114,9,True,False,False,True,False,False,False,True,3334.394345729281,4093.8248245974155,3886.8542226148415
,8,512,0,64,0,1,2240.46,4,153,21,False,False,False,True,False,True,False,True,3898.3903195266953,3073.353869519215,3886.8542226148415
11.0,8,512,0,64,0,0,2480.22,3,0,0,True,False,False,True,False,True,False,False,3334.394345729281,2297.5713661474792,3886.8542226148415
,16,1024,0,64,4,1,6209.46,4,32,6,False,False,False,True,False,False,True,True,4286.282336192113,5895.372838905774,5584.356976452875
10.0,16,512,0,64,2,1,5669.46,4,85,9,True,False,False,True,False,False,False,False,5077.412051365493,6384.654678936433,3886.8542226148415
,4,0,512,32,0,0,1295.46,3,61,4,True,False,False,True,False,False,False,False,4023.2208195732223,2656.9791264747573,3886.8542226148415
11.0,4,256,0,64,0,0,1943.46,3,0,0,True,False,False,True,False,False,False,False,4286.282336192113,2297.5713661474792,3886.8542226148415
10.0,4,0,1024,64,0,0,2052.0,4,7,0,True,False,False,True,False,False,False,False,4286.282336192113,2297.5713661474792,3886.8542226148415
10.0,4,256,0,64,0,1,1997.46,4,1178,137,True,False,False,True,False,True,False,True,3334.394345729281,2297.5713661474792,3886.8542226148415
11.0,8,512,0,64,4,0,4319.46,4,5,2,True,False,False,True,True,False,False,False,3897.8312317176433,6384.654678936433,3886.8542226148415
8.0,8,512,0,64,0,0,4643.46,3,0,0,True,False,False,True,False,True,False,False,4286.282336192113,4093.8248245974155,3886.8542226148415
10.0,8,256,1024,64,0,0,2505.06,2,95,5,True,False,False,True,False,True,False,False,3334.394345729281,2297.5713661474792,3886.8542226148415
11.0,8,512,0,64,0,1,2915.46,4,206,17,True,False,False,True,False,True,False,False,3898.3903195266953,4093.8248245974155,3886.8542226148415
11.0,8,256,0,64,0,1,2078.46,3,19,3,True,False,False,True,False,False,False,False,4286.282336192113,2297.5713661474792,3886.8542226148415
11.0,8,512,0,64,0,1,3995.46,4,32,6,True,False,False,True,False,False,True,True,4286.282336192113,4093.8248245974155,5584.356976452875
,4,512,0,32,0,1,3234.6,3,3,0,False,False,False,True,False,False,False,False,3897.8312317176433,3348.585844303271,3886.8542226148415
,16,512,0,64,0,1,3239.95,4,19,1,False,False,False,True,False,True,False,True,3898.3903195266953,3348.585844303271,3886.8542226148415
11.0,8,512,0,64,0,1,4589.46,4,10,2,True,False,False,True,False,False,True,True,4286.282336192113,4093.8248245974155,3886.8542226148415
,4,512,0,64,0,1,3185.46,4,88,13,False,False,False,True,False,False,False,False,4286.282336192113,3348.585844303271,3886.8542226148415
11.0,8,512,0,64,0,0,2996.46,3,8,1,True,False,False,True,False,True,False,False,5077.412051365493,4093.8248245974155,3886.8542226148415
,4,1024,0,32,0,0,3126.6,4,3,1,False,False,False,True,False,False,False,False,3334.394345729281,3348.585844303271,3886.8542226148415
11.0,8,256,1024,64,2,1,3563.46,4,241,19,True,False,False,True,False,False,False,True,3897.8312317176433,4093.8248245974155,3886.8542226148415
11.0,4,256,1024,64,0,1,3012.66,4,41,4,True,False,False,True,False,True,False,True,3334.394345729281,4093.8248245974155,3886.8542226148415
,4,1024,0,64,4,1,8099.46,3,0,0,False,False,False,True,False,False,False,False,4286.282336192113,5895.372838905774,3886.8542226148415
11.0,8,512,0,64,0,0,4049.46,3,0,0,True,False,False,True,False,True,False,False,4286.282336192113,4093.8248245974155,5584.356976452875
10.0,8,0,512,32,0,1,7559.46,3,0,0,True,False,False,False,False,True,False,False,3334.394345729281,4093.8248245974155,4368.059535501012
11.0,4,0,1024,32,0,0,1997.95,3,0,0,True,False,False,True,False,False,False,False,4023.2208195732223,2297.5713661474792,3886.8542226148415
11.0,16,1024,0,64,8,1,9287.46,3,0,0,True,False,False,True,False,False,False,True,3898.3903195266953,6384.654678936433,3886.8542226148415
,8,256,1024,64,0,0,2672.46,4,31,3,False,False,False,True,False,False,False,False,3334.394345729281,3348.585844303271,3886.8542226148415
8.0,8,512,0,64,0,1,4049.46,3,3,1,True,False,False,True,False,True,False,True,3897.8312317176433,4093.8248245974155,3886.8542226148415
,4,512,0,32,4,0,3677.4,3,0,0,False,False,False,True,False,False,False,False,3898.3903195266953,3348.585844303271,3886.8542226148415
8.0,8,0,2048,64,2,1,3365.12,4,377,53,True,False,False,True,False,False,False,True,3334.394345729281,4093.8248245974155,3886.8542226148415
11.0,8,512,0,64,0,1,2227.5,4,117,11,True,False,False,True,False,False,False,False,3898.3903195266953,2297.5713661474792,3886.8542226148415
10.0,16,1024,0,64,0,0,8369.46,5,3,0,True,False,False,True,False,False,False,False,4286.282336192113,6384.654678936433,5102.727054802042
11.0,16,512,0,64,0,0,3790.26,3,6,3,True,False,False,True,False,True,False,False,3334.394345729281,4093.8248245974155,3886.8542226148415
10.0,4,0,1024,64,0,0,2105.95,3,65,5,True,False,False,True,False,False,False,False,3897.8312317176433,2297.5713661474792,3886.8542226148415
,4,1024,0,64,0,0,7937.46,3,0,0,False,False,False,True,False,False,False,False,5077.412051365493,5895.372838905774,3886.8542226148415
11.0,16,1024,0,32,6,0,6532.92,3,0,0,True,False,False,True,False,False,False,False,4286.282336192113,6384.654678936433,3886.8542226148415
11.0,4,256,0,64,0,0,2375.46,3,0,0,True,False,False,True,False,True,False,False,3897.8312317176433,2297.5713661474792,3886.8542226148415
8.0,8,128,0,64,0,1,4104.65,4,129,16,True,False,False,True,False,True,False,False,3898.3903195266953,4093.8248245974155,3886.8542226148415
11.0,8,256,0,64,0,1,2105.46,4,33,4,True,False,False,True,False,True,False,False,3897.8312317176433,2297.5713661474792,3886.8542226148415
11.0,16,512,0,64,2,1,4265.46,4,35,4,True,False,False,True,False,False,False,True,4286.282336192113,6384.654678936433,3886.8542226148415
10.0,8,0,1024,64,0,0,3077.46,3,0,0,True,False,False,True,False,False,False,False,4286.282336192113,4093.8248245974155,3886.8542226148415
9.0,8,256,1024,64,4,1,3293.46,4,131,17,True,False,False,True,False,False,False,True,3897.8312317176433,4093.8248245974155,3886.8542226148415
11.0,8,512,0,64,0,1,4481.46,3,0,0,True,False,False,True,False,True,True,True,3897.8312317176433,4093.8248245974155,3886.8542226148415
11.0,8,512,0,32,0,1,2807.46,4,6,2,True,False,False,True,False,False,True,True,4286.282336192113,2297.5713661474792,5584.356976452875
11.0,8,512,0,64,0,1,5399.46,4,35,6,True,False,False,True,False,False,True,False,4286.282336192113,4093.8248245974155,5584.356976452875
11.0,16,1024,0,64,6,1,7101.0,3,0,0,True,False,False,True,False,False,False,False,4286.282336192113,6384.654678936433,3886.8542226148415
11.0,8,512,0,64,0,1,2872.26,4,11,0,True,False,False,True,False,False,False,True,4286.282336192113,4093.8248245974155,3886.8542226148415
11.0,16,512,0,64,4,1,3968.46,4,213,45,True,False,False,True,False,False,False,False,4286.282336192113,4093.8248245974155,3886.8542226148415
,4,0,512,64,0,0,1241.46,3,0,0,True,False,False,True,False,False,False,False,4286.282336192113,2656.9791264747573,3886.8542226148415
11.0,8,512,0,64,4,1,4211.46,3,0,0,True,False,False,True,True,False,False,True,3898.3903195266953,4093.8248245974155,3886.8542226148415
10.0,8,256,0,64,0,1,6101.46,4,640,70,False,True,True,False,False,False,False,False,6347.897611948667,5945.3868836516585,3886.8542226148415
11.0,8,512,0,64,4,0,3293.46,3,14,6,True,False,False,True,True,False,False,False,3897.8312317176433,4093.8248245974155,3886.8542226148415
11.0,16,512,0,64,2,1,3833.46,4,67,4,True,False,False,True,False,False,False,True,3897.8312317176433,4093.8248245974155,3886.8542226148415
11.0,8,0,1024,64,0,1,2088.72,3,17,1,True,False,False,True,False,False,False,False,4286.282336192113,2297.5713661474792,3886.8542226148415
,4,1024,0,32,6,0,7505.46,3,0,0,False,False,False,True,False,False,False,False,4286.282336192113,5895.372838905774,3886.8542226148415
,8,512,0,64,0,0,2348.46,4,163,33,False,False,False,True,False,True,False,False,3898.3903195266953,3073.353869519215,3886.8542226148415
8.0,8,256,0,64,0,0,3995.46,3,0,0,True,False,False,True,False,True,False,False,3944.7561169073256,6384.654678936433,3886.8542226148415
,4,1024,0,64,4,1,6749.46,5,3,0,False,False,False,True,False,False,True,True,4286.282336192113,5895.372838905774,5584.356976452875
10.0,16,512,0,64,4,1,5939.46,4,138,30,True,False,False,True,False,False,False,False,5077.412051365493,6384.654678936433,3886.8542226148415
11.0,8,512,0,64,0,1,3150.36,4,69,6,True,False,False,True,False,True,False,True,3898.3903195266953,4093.8248245974155,3886.8542226148415
10.0,16,1024,0,64,0,0,8963.46,3,0,0,True,False,False,True,False,False,False,False,4286.282336192113,6384.654678936433,5102.727054802042
11.0,16,1024,0,32,6,1,8491.45,4,7,0,True,False,False,True,False,False,False,False,4286.282336192113,6384.654678936433,3886.8542226148415
,8,512,0,64,0,1,3372.3,4,172,36,False,False,False,True,False,False,True,True,4286.282336192113,3348.585844303271,3886.8542226148415
,4,0,512,32,0,0,971.46,3,1180,148,True,False,False,True,False,False,False,False,4286.282336192113,2656.9791264747573,4368.059535501012
,4,1024,0,64,8,1,8639.46,4,17,2,False,False,False,True,False,False,False,False,3898.3903195266953,4721.051851405187,3886.8542226148415
,4,512,0,64,6,0,4114.26,4,358,64,False,False,False,True,False,False,False,False,3334.394345729281,3348.585844303271,3886.8542226148415
11.0,16,256,1024,64,0,0,3374.46,3,8,0,True,False,False,True,False,False,False,False,4023.2208195732223,4093.8248245974155,3886.8542226148415
,8,512,0,64,4,0,3779.46,4,9,0,False,False,False,True,False,False,False,False,3897.8312317176433,3348.585844303271,3886.8542226148415
8.0,16,512,0,64,0,1,4643.46,4,18,0,True,False,False,True,False,True,False,False,4286.282336192113,6384.654678936433,5102.727054802042
10.0,4,256,0,64,0,0,2105.46,4,53,11,True,False,False,True,False,True,False,False,5077.412051365493,2297.5713661474792,3886.8542226148415
11.0,8,256,1024,64,2,0,3871.53,4,153,16,True,False,False,True,False,False,False,False,3334.394345729281,4093.8248245974155,3886.8542226148415
11.0,16,1024,0,64,0,1,6479.46,4,8,1,True,False,False,True,False,False,True,False,4286.282336192113,6384.654678936433,5584.356976452875
,16,512,0,64,4,0,4481.46,4,1067,145,False,False,False,True,True,False,False,False,4286.282336192113,4721.051851405187,3886.8542226148415
11.0,8,512,0,64,0,0,5291.46,5,3,1,True,False,False,True,False,False,True,False,3898.3903195266953,4093.8248245974155,5584.356976452875
,4,0,1024,64,0,1,1295.46,3,15279,1947,True,False,False,True,False,False,False,False,4286.282336192113,2656.9791264747573,3886.8542226148415
10.0,8,512,0,64,0,3,7938.0,3,0,0,True,False,False,True,False,True,False,False,3897.8312317176433,4093.8248245974155,3886.8542226148415
11.0,8,256,1024,64,4,1,3887.46,4,127,20,True,False,False,True,True,False,False,True,3898.3903195266953,4093.8248245974155,3886.8542226148415
11.0,8,0,1024,32,0,0,2241.0,3,4,0,True,False,False,True,False,False,False,False,4286.282336192113,2297.5713661474792,3886.8542226148415
11.0,8,512,0,64,2,1,4319.46,4,23,2,True,False,False,True,False,False,True,True,3334.394345729281,4093.8248245974155,3886.8542226148415
,4,0,512,64,0,0,1511.46,3,596,65,True,False,False,True,False,False,False,False,3898.3903195266953,2656.9791264747573,3886.8542226148415
11.0,8,512,0,64,0,1,4260.6,3,16,1,True,False,False,True,False,False,True,True,3334.394345729281,4093.8248245974155,3886.8542226148415
11.0,8,1024,0,64,0,1,3509.46,3,4,0,True,False,False,True,False,True,False,True,3897.8312317176433,4093.8248245974155,3886.8542226148415
11.0,8,512,0,64,0,1,4211.46,4,21,5,True,False,False,True,False,False,False,True,4286.282336192113,6384.654678936433,3886.8542226148415
8.0,8,512,0,64,0,1,2899.26,4,19,3,True,False,False,True,False,True,False,False,4286.282336192113,4093.8248245974155,3886.8542226148415
,4,512,0,64,0,1,4836.78,3,0,0,False,False,False,True,False,False,True,True,3334.394345729281,4721.051851405187,3886.8542226148415
11.0,8,512,0,64,2,0,3347.46,4,35,4,True,False,False,True,False,True,False,False,3334.394345729281,4093.8248245974155,3886.8542226148415
,8,256,1024,64,0,1,2267.95,4,3524,432,False,False,False,True,False,False,False,True,3898.3903195266953,3073.353869519215,3886.8542226148415
10.0,8,0,1024,64,0,1,1776.06,3,28,4,True,False,False,True,False,False,False,False,4286.282336192113,2297.5713661474792,3886.8542226148415
,8,256,0,64,0,1,2402.46,4,14,1,False,False,False,True,False,True,False,False,3334.394345729281,3348.585844303271,3886.8542226148415
11.0,8,512,0,64,0,0,2645.46,4,17,3,True,False,False,True,False,True,False,False,5077.412051365493,2297.5713661474792,3886.8542226148415
10.0,8,512,0,64,0,1,4293.0,4,10,1,True,False,False,True,False,True,False,True,3334.394345729281,4093.8248245974155,3886.8542226148415
11.0,8,512,0,64,0,1,2321.46,4,158,18,True,False,False,True,False,True,False,True,3898.3903195266953,2297.5713661474792,3886.8542226148415
11.0,8,256,1024,64,0,1,2969.46,3,353,28,True,False,False,True,False,True,False,True,3334.394345729281,4093.8248245974155,3886.8542226148415
11.0,8,512,0,64,2,1,4157.46,4,14,2,True,False,False,True,False,False,True,True,3898.3903195266953,4093.8248245974155,3886.8542226148415
11.0,8,256,0,64,0,1,3347.95,2,4,0,True,False,False,True,False,False,False,True,3897.8312317176433,4093.8248245974155,3886.8542226148415
11.0,8,256,1024,64,0,1,3509.46,3,0,0,True,False,False,True,False,False,False,False,4286.282336192113,4093.8248245974155,3886.8542226148415
11.0,4,512,0,64,0,1,2424.06,3,7,0,True,False,False,True,False,False,False,False,4286.282336192113,2297.5713661474792,3886.8542226148415
10.0,16,512,0,64,0,1,12203.46,4,42,8,False,True,True,False,False,False,False,False,6347.897611948667,5945.3868836516585,3886.8542226148415
,4,256,0,64,0,0,1614.06,4,7,0,True,False,False,True,False,False,False,False,4286.282336192113,2656.9791264747573,3886.8542226148415
,4,512,0,64,0,3,4039.09,3,0,0,False,False,False,True,False,True,True,True,3897.8312317176433,3348.585844303271,5584.356976452875
11.0,4,256,0,64,0,0,2159.89,4,10,1,True,False,False,True,False,False,False,False,3897.8312317176433,2297.5713661474792,3886.8542226148415
11.0,8,512,0,64,0,0,2429.46,3,0,0,True,False,False,True,False,True,False,False,3898.3903195266953,2297.5713661474792,3886.8542226148415
11.0,8,512,0,64,0,3,3509.46,4,48,12,True,False,False,True,False,False,True,True,3897.8312317176433,4093.8248245974155,3886.8542226148415
10.0,8,0,512,32,8,0,9719.46,4,24,5,True,False,False,False,False,False,False,False,5077.412051365493,4093.8248245974155,4368.059535501012
11.0,8,512,0,64,0,1,2267.46,3,0,0,True,False,False,True,False,True,False,True,4286.282336192113,2297.5713661474792,3886.8542226148415
